"id","override","title","description","url","custom_label_2"
"15491","fr_XX","2022 Ford Mustang Mach-E New MACH E GT - 487PK","Ford Mustang Mach-E New MACH E GT - 487PK chez ADV Used Cars. Berline, Électrique, Automatique. Année 2022, 24 985 km. Équipements: 360° camera, ABS, Achteruitrijcamera, Adaptive Cruise Control, Airbag bestuurder, Airbag passagier, Airbags achteraan, Airbags gordijnairbags. Voiture d'occasion contrôlée, garantie minimum 1 an. Réservez votre essai en ligne.","https://fr.advusedcars.be/voitures/occasion/vilvoorde/ford/mustang-mach-e/electrique/new-mach-e-gt-487pk/15491/","Électrique"
"15511","fr_XX","2023 Ford Focus Titanium - Clipper - Benzine","Ford Focus Titanium - Clipper - Benzine chez ADV Used Cars. Break, Essence, Manuelle. Année 2023, 46 498 km. Équipements: ABS, Airbag bestuurder, Airbag passagier, Airbags achteraan, Airbags gordijnairbags, Android Auto, Apple Carplay, Automatische Airconditioning. Voiture d'occasion contrôlée, garantie minimum 1 an. Réservez votre essai en ligne.","https://fr.advusedcars.be/voitures/occasion/vilvoorde/ford/focus/essence/titanium-clipper-benzine/15511/","Essence"
"15515","fr_XX","2023 Ford Mustang Mach-E AWD - 99Kwh - Full Option","Ford Mustang Mach-E AWD - 99Kwh - Full Option chez ADV Used Cars. Berline, Électrique, Automatique. Année 2023, 35 792 km. Équipements: 360° camera, 4x4, ABS, Adaptive Cruise Control, Airbag bestuurder, Airbag passagier, Airbags achteraan, Airbags gordijnairbags. Voiture d'occasion contrôlée, garantie minimum 1 an. Réservez votre essai en ligne.","https://fr.advusedcars.be/voitures/occasion/vilvoorde/ford/mustang-mach-e/electrique/awd-99kwh-full-option/15515/","Électrique"
"15524","fr_XX","2022 Ford Focus St Line - Garantie","Ford Focus St Line - Garantie chez ADV Used Cars. Berline, Essence, Manuelle. Année 2022, 56 812 km. Équipements: 1er propriétaire, ABS, ATC - contrôle automatique de la traction, Accoudoir, Adaptive Cruise Control, Airbag conducteur, Airbag passager, Airbags latéraux. Voiture d'occasion contrôlée, garantie minimum 1 an. Réservez votre essai en ligne.","https://fr.advusedcars.be/voitures/occasion/vilvoorde/ford/focus/essence/st-line-garantie/15524/","Essence"
"15536","fr_XX","2023 Ford Kuga New ST Line X / Black Edition -","Ford Kuga New ST Line X / Black Edition - chez ADV Used Cars. SUV, Essence, Manuelle. Année 2023, 64 778 km. Équipements: ABS, Achteruitrijcamera, Adaptive Cruise Control, Airbag bestuurder, Airbag passagier, Airbags achteraan, Airbags lateraal, Android Auto. Voiture d'occasion contrôlée, garantie minimum 1 an. Réservez votre essai en ligne.","https://fr.advusedcars.be/voitures/occasion/vilvoorde/ford/kuga/essence/new-st-line-x-black-edition/15536/","Essence"
"15543","fr_XX","2024 Ford Kuga ST-Line - Demo Wagen","Ford Kuga ST-Line - Demo Wagen chez ADV Used Cars. SUV, Hybride (essence), Automatique. Année 2024, 43 281 km. Équipements: ABS, Achteruitrijcamera, Adaptive Cruise Control, Airbag bestuurder, Airbag passagier, Airbags lateraal, Alarm, Android Auto. Voiture d'occasion contrôlée, garantie minimum 1 an. Réservez votre essai en ligne.","https://fr.advusedcars.be/voitures/occasion/vilvoorde/ford/kuga/hybride-essence/st-line-demo-wagen/15543/","Hybride (essence)"
"15555","fr_XX","2023 Ford E-Transit E Transit L2-H2 - POWER ON BOARD","Ford E-Transit E Transit L2-H2 - POWER ON BOARD chez ADV Used Cars. Fourgon tôlé, Électrique, Automatique. Année 2023, 4 256 km. Équipements: 360° camera, ABS, Airbag bestuurder, Android Auto, Apple Carplay, Automatische Airconditioning, Automatische versnellingsbak, Boordcomputer. Voiture d'occasion contrôlée, garantie minimum 1 an. Réservez votre essai en ligne.","https://fr.advusedcars.be/voitures/occasion/vilvoorde/ford/e-transit/electrique/e-transit-l2-h2-power-on-board/15555/","Électrique"
"15572","fr_XX","2022 Ford Focus Active - 17500km - Garantie","Ford Focus Active - 17500km - Garantie chez ADV Used Cars. Berline, Essence, Manuelle. Année 2022, 17 682 km. Équipements: ABS, Achteruitrijcamera, Adaptive Cruise Control, Airbag bestuurder, Airbag passagier, Airbags lateraal, Alarm, All season banden. Voiture d'occasion contrôlée, garantie minimum 1 an. Réservez votre essai en ligne.","https://fr.advusedcars.be/voitures/occasion/vilvoorde/ford/focus/essence/active-17500km-garantie/15572/","Essence"
"15658","fr_XX","2024 Ford Kuga ST Line X - PHEV -","Ford Kuga ST Line X - PHEV - chez ADV Used Cars. SUV, Essence, Automatique. Année 2024, 39 220 km. Équipements: ABS, Achteruitrijcamera, Adaptieve dimlichten, Adaptive Cruise Control, Airbag bestuurder, Airbags gordijnairbags, Airbags lateraal, Android Auto. Voiture d'occasion contrôlée, garantie minimum 1 an. Réservez votre essai en ligne.","https://fr.advusedcars.be/voitures/occasion/vilvoorde/ford/kuga/essence/st-line-x-phev/15658/","Essence"
"15669","fr_XX","2023 Ford Focus Titanium - Clipper - Benzine","Ford Focus Titanium - Clipper - Benzine chez ADV Used Cars. Break, Essence, Manuelle. Année 2023, 69 718 km. Équipements: ABS, Airbag bestuurder, Airbag passagier, Airbags achteraan, Airbags gordijnairbags, Android Auto, Apple Carplay, Automatische Airconditioning. Voiture d'occasion contrôlée, garantie minimum 1 an. Réservez votre essai en ligne.","https://fr.advusedcars.be/voitures/occasion/vilvoorde/ford/focus/essence/titanium-clipper-benzine/15669/","Essence"
"15681","fr_XX","2022 Ford Focus St Line - Garantie","Ford Focus St Line - Garantie chez ADV Used Cars. Berline, Essence, Manuelle. Année 2022, 42 615 km. Équipements: 1er propriétaire, ABS, ATC - contrôle automatique de la traction, Accoudoir, Adaptive Cruise Control, Airbag conducteur, Airbag passager, Airbags latéraux. Voiture d'occasion contrôlée, garantie minimum 1 an. Réservez votre essai en ligne.","https://fr.advusedcars.be/voitures/occasion/vilvoorde/ford/focus/essence/st-line-garantie/15681/","Essence"
"16943","fr_XX","2022 Ford Focus St Line - Garantie","Ford Focus St Line - Garantie chez ADV Used Cars. Berline, Essence, Manuelle. Année 2022, 30 842 km. Équipements: ABS, Achteruitrijcamera, Adaptive Cruise Control, Airbag bestuurder, Airbag passagier, Airbags lateraal, Alarm, All season banden. Voiture d'occasion contrôlée, garantie minimum 1 an. Réservez votre essai en ligne.","https://fr.advusedcars.be/voitures/occasion/vilvoorde/ford/focus/essence/st-line-garantie/16943/","Essence"
"19973","fr_XX","2024 Ford Kuga ST Line X / Black Edition / PHEV / Demowagen","Ford Kuga ST Line X / Black Edition / PHEV / Demowagen chez ADV Used Cars. SUV, Essence, Automatique. Année 2024, 17 740 km. Équipements: ABS, Achteruitrijcamera, Adaptive Cruise Control, Airbag bestuurder, Airbags gordijnairbags, Airbags lateraal, Android Auto, Apple Carplay. Voiture d'occasion contrôlée, garantie minimum 1 an. Réservez votre essai en ligne.","https://fr.advusedcars.be/voitures/occasion/vilvoorde/ford/kuga/essence/st-line-x-black-edition-phev-demowagen/19973/","Essence"
"22130","fr_XX","2024 Ford Tourneo Custom 2.0 TD 136PK - 8 Plaatsen!!","Ford Tourneo Custom 2.0 TD 136PK - 8 Plaatsen!! chez ADV Used Cars. Monospace, Diesel, Automatique. Année 2024, 115 km. Équipements: 3 zones automatische airconditioning, ABS, Achteruitrijcamera, Achteruitrijcamera, Adaptieve dimlichten, Airbag bestuurder, Airbag bestuurder, Airbag passagier. Voiture d'occasion contrôlée, garantie minimum 1 an. Réservez votre essai en ligne.","https://fr.advusedcars.be/voitures/occasion/vilvoorde/ford/tourneo-custom/diesel/2-0-td-136pk-8-plaatsen/22130/","Diesel"
"25427","fr_XX","2024 Ford Puma New Puma - Titanium - Demowagen","Ford Puma New Puma - Titanium - Demowagen chez ADV Used Cars. SUV, Essence, Manuelle. Année 2024, 13 643 km. Équipements: ABS, Achteruitrijcamera, Airbag bestuurder, Airbag passagier, Android Auto, Apple Carplay, Automatische Airconditioning, Automatische lichten. Voiture d'occasion contrôlée, garantie minimum 1 an. Réservez votre essai en ligne.","https://fr.advusedcars.be/voitures/occasion/vilvoorde/ford/puma/essence/new-puma-titanium-demowagen/25427/","Essence"
"25428","fr_XX","2024 Ford Focus Titanium - Clipper - Benzine","Ford Focus Titanium - Clipper - Benzine chez ADV Used Cars. Break, Essence, Manuelle. Année 2024, 34 752 km. Équipements: ABS, Achteruitrijcamera, Adaptive Cruise Control, Airbag passagier, Airbags achteraan, Airbags lateraal, Android Auto, Apple Carplay. Voiture d'occasion contrôlée, garantie minimum 1 an. Réservez votre essai en ligne.","https://fr.advusedcars.be/voitures/occasion/vilvoorde/ford/focus/essence/titanium-clipper-benzine/25428/","Essence"
"25655","fr_XX","2024 Ford Mustang Mach-E Mach E - GT - Demo wagen","Ford Mustang Mach-E Mach E - GT - Demo wagen chez ADV Used Cars. Berline, Électrique, Automatique. Année 2024, 35 855 km. Équipements: 360° camera, ABS, Achteruitrijcamera, Adaptive Cruise Control, Airbag bestuurder, Airbag passagier, Airbags achteraan, Airbags gordijnairbags. Voiture d'occasion contrôlée, garantie minimum 1 an. Réservez votre essai en ligne.","https://fr.advusedcars.be/voitures/occasion/vilvoorde/ford/mustang-mach-e/electrique/mach-e-gt-demo-wagen/25655/","Électrique"
"35753","fr_XX","2024 Ford Capri NEW Capri E - AWD - 79kWh","Ford Capri NEW Capri E - AWD - 79kWh chez ADV Used Cars. Berline, Électrique, Automatique. Année 2024, 8 333 km. Équipements: 360° camera, 4x4, ABS, Achteruitrijcamera, Airbag bestuurder, Airbag passagier, Airbags gordijnairbags, Airbags lateraal. Voiture d'occasion contrôlée, garantie minimum 1 an. Réservez votre essai en ligne.","https://fr.advusedcars.be/voitures/occasion/vilvoorde/ford/capri/electrique/new-capri-e-awd-79kwh/35753/","Électrique"
"35756","fr_XX","2022 Ford Kuga Benzine - Manueel - St line","Ford Kuga Benzine - Manueel - St line chez ADV Used Cars. SUV, Essence, Manuelle. Année 2022, 42 238 km. Équipements: ABS, ATC - contrôle automatique de la traction, Accoudoir, Adaptive Cruise Control, Airbag conducteur, Airbag passager, Airbags latéraux, Airbags à l'arrière. Voiture d'occasion contrôlée, garantie minimum 1 an. Réservez votre essai en ligne.","https://fr.advusedcars.be/voitures/occasion/schaarbeek/ford/kuga/essence/benzine-manueel-st-line/35756/","Essence"
"35931","fr_XX","2024 Ford Explorer New Explorer BEV - RWD - 77Kwh","Ford Explorer New Explorer BEV - RWD - 77Kwh chez ADV Used Cars. SUV, Électrique, Automatique. Année 2024, 14 422 km. Équipements: 360° camera, ABS, Adaptive Cruise Control, Airbag bestuurder, Airbag passagier, Airbags achteraan, Airbags lateraal, Android Auto. Voiture d'occasion contrôlée, garantie minimum 1 an. Réservez votre essai en ligne.","https://fr.advusedcars.be/voitures/occasion/schaarbeek/ford/explorer/electrique/new-explorer-bev-rwd-77kwh/35931/","Électrique"
"46404","fr_XX","2024 Ford Focus Active - 125Pk Mhev - garantie","Ford Focus Active - 125Pk Mhev - garantie chez ADV Used Cars. Break, Essence, Manuelle. Année 2024, 47 267 km. Équipements: ABS, Achteruitrijcamera, Adaptive Cruise Control, Airbag bestuurder, Airbag passagier, Airbags lateraal, Android Auto, Apple Carplay. Voiture d'occasion contrôlée, garantie minimum 1 an. Réservez votre essai en ligne.","https://fr.advusedcars.be/voitures/occasion/vilvoorde/ford/focus/essence/active-125pk-mhev-garantie/46404/","Essence"
"52450","fr_XX","2024 Ford Capri New Capri EV - 77 KWH - RWD","Ford Capri New Capri EV - 77 KWH - RWD chez ADV Used Cars. Berline, Électrique, Automatique. Année 2024, 39 450 km. Équipements: 360° camera, ABS, Adaptive Cruise Control, Airbag bestuurder, Airbag passagier, Airbags gordijnairbags, Airbags lateraal, Android Auto. Voiture d'occasion contrôlée, garantie minimum 1 an. Réservez votre essai en ligne.","https://fr.advusedcars.be/voitures/occasion/schaarbeek/ford/capri/electrique/new-capri-ev-77-kwh-rwd/52450/","Électrique"
"52823","fr_XX","2025 Ford Mustang Mach-E Mach E - RWD - 91Kwh - 294pk","Ford Mustang Mach-E Mach E - RWD - 91Kwh - 294pk chez ADV Used Cars. Berline, Électrique, Automatique. Année 2025, 22 208 km. Équipements: 360° camera, ABS, Adaptive Cruise Control, Airbag passagier, Airbags achteraan, Airbags gordijnairbags, Airbags lateraal, Alarm. Voiture d'occasion contrôlée, garantie minimum 1 an. Réservez votre essai en ligne.","https://fr.advusedcars.be/voitures/occasion/vilvoorde/ford/mustang-mach-e/electrique/mach-e-rwd-91kwh-294pk/52823/","Électrique"
"53963","fr_XX","2019 Ford Focus 100Pk - Garantie - GPS","Ford Focus 100Pk - Garantie - GPS chez ADV Used Cars. Berline, Essence, Manuelle. Année 2019, 61 762 km. Équipements: ABS, Accoudoir, Airbag conducteur, Airbag passager, Airbags latéraux, Android Auto, Antidémarrage, Antipatinage. Voiture d'occasion contrôlée, garantie minimum 1 an. Réservez votre essai en ligne.","https://fr.advusedcars.be/voitures/occasion/vilvoorde/ford/focus/essence/100pk-garantie-gps/53963/","Essence"
"58163","fr_XX","2023 Ford Focus Connected - Clipper - Garantie","Ford Focus Connected - Clipper - Garantie chez ADV Used Cars. Break, Essence, Manuelle. Année 2023, 44 723 km. Équipements: 1er propriétaire, ABS, ATC - contrôle automatique de la traction, Accoudoir, Adaptive Cruise Control, Airbag conducteur, Airbag passager, Airbags latéraux. Voiture d'occasion contrôlée, garantie minimum 1 an. Réservez votre essai en ligne.","https://fr.advusedcars.be/voitures/occasion/vilvoorde/ford/focus/essence/connected-clipper-garantie/58163/","Essence"
"58206","fr_XX","2024 Ford Explorer New Explorer Ev - Premium - 79Kwh - 340pk","Ford Explorer New Explorer Ev - Premium - 79Kwh - 340pk chez ADV Used Cars. Monospace, Électrique, Automatique. Année 2024, 27 km. Équipements: 360° camera, 4x4, ABS, Achteruitrijcamera, Adaptive Cruise Control, Airbag bestuurder, Airbag passagier, Airbags achteraan. Voiture d'occasion contrôlée, garantie minimum 1 an. Réservez votre essai en ligne.","https://fr.advusedcars.be/voitures/occasion/vilvoorde/ford/explorer/electrique/new-explorer-ev-premium-79kwh-340pk/58206/","Électrique"
"60091","fr_XX","2021 Ford Focus Benzine 100pk - GPS","Ford Focus Benzine 100pk - GPS chez ADV Used Cars. Break, Essence, Manuelle. Année 2021, 30 921 km. Équipements: ABS, Achteruitrijcamera, Airbag bestuurder, Airbag passagier, Airbags gordijnairbags, Airbags lateraal, Airconditioning manueel, Alarm. Voiture d'occasion contrôlée, garantie minimum 1 an. Réservez votre essai en ligne.","https://fr.advusedcars.be/voitures/occasion/vilvoorde/ford/focus/essence/benzine-100pk-gps/60091/","Essence"
"62759","fr_XX","2025 Ford Puma New Puma Gen E / Premium / 43Kwh","Ford Puma New Puma Gen E / Premium / 43Kwh chez ADV Used Cars. SUV, Électrique, Automatique. Année 2025, 20 km. Équipements: 1er propriétaire, 360° caméra, ABS, ATC - contrôle automatique de la traction, Accoudoir, Adaptive Cruise Control, Airbag conducteur, Airbag passager. Voiture d'occasion contrôlée, garantie minimum 1 an. Réservez votre essai en ligne.","https://fr.advusedcars.be/voitures/occasion/schaarbeek/ford/puma/electrique/new-puma-gen-e-premium-43kwh/62759/","Électrique"
"62841","fr_XX","2025 Ford Transit Courier E COURIER / BEV / DEMO","Ford Transit Courier E COURIER / BEV / DEMO chez ADV Used Cars. Fourgon tôlé, Électrique, Automatique. Année 2025, 850 km. Équipements: 1er propriétaire, ABS, ATC - contrôle automatique de la traction, Adaptive Cruise Control, Airbag conducteur, Airbag passager, Airbags latéraux, Airbags à l'arrière. Voiture d'occasion contrôlée, garantie minimum 1 an. Réservez votre essai en ligne.","https://fr.advusedcars.be/voitures/occasion/vilvoorde/ford/transit-courier/electrique/e-courier-bev-demo/62841/","Électrique"
"65602","fr_XX","2024 Ford Kuga New St line - PHEV - Demo","Ford Kuga New St line - PHEV - Demo chez ADV Used Cars. SUV, Essence, Automatique. Année 2024, 43 770 km. Équipements: ABS, Achteruitrijcamera, Airbag bestuurder, Airbags lateraal, Android Auto, Apple Carplay, Automatische Airconditioning, Automatische lichten. Voiture d'occasion contrôlée, garantie minimum 1 an. Réservez votre essai en ligne.","https://fr.advusedcars.be/voitures/occasion/schaarbeek/ford/kuga/essence/new-st-line-phev-demo/65602/","Essence"
"69190","fr_XX","2022 Ford Focus EcoBoost mHEV Titanium X","Ford Focus EcoBoost mHEV Titanium X chez ADV Used Cars. Break, Essence, Manuelle. Année 2022, 54 578 km. Équipements: 12V aansluiting in de kofferruimte, 16'' lichtmetalen velgen - ''Sparkle Silver'' - 5 dubbele spaken - banden 205/60 R16, 17'' lichtmetalen velgen - ''Luster Nickel'' - 10 dubbele spaken - banden 215/50 R17, 4-weg manueel instelbare bestuurderszetel met lendensteun, 4-weg manueel instelbare passagierszetel met lendensteun, ABS met elektronische remkrachtverdeling, Achteruitrijcamera, Achteruitrijcamera. Voiture d'occasion contrôlée, garantie minimum 1 an. Réservez votre essai en ligne.","https://fr.advusedcars.be/voitures/occasion/vilvoorde/ford/focus/essence/ecoboost-mhev-titanium-x/69190/","Essence"
"82025","fr_XX","2023 Ford Ranger DC BiT EcoBlue Wildtrak AUT","Ford Ranger DC BiT EcoBlue Wildtrak AUT chez ADV Used Cars. Pick-up, Diesel, Automatique. Année 2023, 67 726 km. Équipements: Achteruitrij-camera met weergave op 8'' TFT scherm, Aerodynamische sports bar in composietmateriaal met rails in het zwart gespoten, Airbags bestuurder en passagier, zijdelingse airbags (1ste zetelrij), gordijnair, Alu velgen 18''x8 machined velgen met 265/60 R18 alle seizoenbanden en alu reser, Antiblokkeerremsysteem (ABS) met Elektronische remkrachtverdeling (EBD) en Noodr, Antidoorschuifsysteem in zetels, Antislingersysteem voor aanhangwagens, Automatisch dimmende elektrochromische achteruitkijkspiegel. Voiture d'occasion contrôlée, garantie minimum 1 an. Réservez votre essai en ligne.","https://fr.advusedcars.be/voitures/occasion/vilvoorde/ford/ranger/diesel/dc-bit-ecoblue-wildtrak-aut/82025/","Diesel"
"84099","fr_XX","2018 Ford Focus Focus Sync / Edition / Garantie","Ford Focus Focus Sync / Edition / Garantie chez ADV Used Cars. Berline à hayon, Essence, Manuelle. Année 2018, 119 068 km. Équipements: 16'' lichtmetalen velgen - 10x2 spaken - 205/55 R16, 16'' stalen velgen - 205/55 R16, ABS met elektronische remkrachtverdeling, Achterbank (zit en rug) in twee delen neerklapbaar (60/40), Airconditioning, Bandendruksensoren, Bestuurderszetel 4-weg manueel verstelbaar (voor/achter/hoogte), Boordcomputer. Voiture d'occasion contrôlée, garantie minimum 1 an. Réservez votre essai en ligne.","https://fr.advusedcars.be/voitures/occasion/vilvoorde/ford/focus/essence/focus-sync-edition-garantie/84099/","Essence"
"84590","fr_XX","2023 Ford Puma Titanium X / Automaat / 45000km / Garantie","Ford Puma Titanium X / Automaat / 45000km / Garantie chez ADV Used Cars. Berline, Hybride (essence), Automatique. Année 2023, 46 031 km. Équipements: 18'' Lichtmetalen velgen - Pearl Grey Machined - 215/50 R18 banden, 4-weg manueel instelbare bestuurderszetel met lendensteun, ABS met elektronische remkrachtverdeling - ESC inclusief assistentie bij vertrek, Achterbank neerklapbaar in twee delen (60/40), Applink, Screen mirroring (Android Auto/Apple Carplay), Automatische airconditioning, Automatische grootlichten, Automatische koplampen, incl. LED dagrijlichten en LED-achterlichten. Voiture d'occasion contrôlée, garantie minimum 1 an. Réservez votre essai en ligne.","https://fr.advusedcars.be/voitures/occasion/schaarbeek/ford/puma/hybride-essence/titanium-x-automaat-45000km-garantie/84590/","Hybride (essence)"
"87182","fr_XX","2023 Ford Kuga ST LINE / Garantie / Pano Dak","Ford Kuga ST LINE / Garantie / Pano Dak chez ADV Used Cars. SUV, Essence, Manuelle. Année 2023, 47 264 km. Équipements: 12V aansluiting in de kofferruimte, 18'' lichtmetalen velgen - Rock Metallic Light - banden 225/60 R18 100V, ABS met elektronische remkrachtverdeling, Achterbank (rug) neerklapbaar in 2 delen (60/40), Achteruitrijcamera, Active Grille Shutter, Afwerking interieur met rode stiksels, Akoestisch gelamineerde voorruit. Voiture d'occasion contrôlée, garantie minimum 1 an. Réservez votre essai en ligne.","https://fr.advusedcars.be/voitures/occasion/vilvoorde/ford/kuga/essence/st-line-garantie-pano-dak/87182/","Essence"
"87186","fr_XX","2024 Ford Transit Connect L2 / 19990€ ex BTW / Garantie","Ford Transit Connect L2 / 19990€ ex BTW / Garantie chez ADV Used Cars. Fourgon tôlé, Diesel, Manuelle. Année 2024, 59 km. Équipements: 12V aansluiting in het dashboard, 12V aansluiting in middenconsole, 4-weg verstelbare bestuurders- en passagierszetel, 6.5 x 16'' alu velgen, 6.5 x 16'' stalen wielen en banden met wieldeksels - volledig, deluxe, ABS + ESP incl: Hill Launch assist, Trailer Sway assist, EBA, EBL, Traction Cont, Airbag bestuurder, Audio stuurwielbediening. Voiture d'occasion contrôlée, garantie minimum 1 an. Réservez votre essai en ligne.","https://fr.advusedcars.be/voitures/occasion/vilvoorde/ford/transit-connect/diesel/l2-19990-ex-btw-garantie/87186/","Diesel"
"87597","fr_XX","2019 Ford ECOSPORT Ecoboost / Garantie / 80000km","Ford ECOSPORT Ecoboost / Garantie / 80000km chez ADV Used Cars. Berline à hayon, Essence, Manuelle. Année 2019, 80 685 km. Équipements: 12v aansluiting (vooraan en achteraan de centrale console), 16'' stalen velgen (205/60 R16), ABS, Achterbank (rug) neerklapbaar in 2 delen (60/40), Bandendruksensoren, Bestuurderszetel 4-weg manueel verstelbaar (voor/achter - hoogte), Boordcomputer, Centrale console met 2 open bekerhouders. Voiture d'occasion contrôlée, garantie minimum 1 an. Réservez votre essai en ligne.","https://fr.advusedcars.be/voitures/occasion/vilvoorde/ford/ecosport/essence/ecoboost-garantie-80000km/87597/","Essence"
"87606","fr_XX","2019 Ford ECOSPORT EcoBoost / Business Class / Garantie","Ford ECOSPORT EcoBoost / Business Class / Garantie chez ADV Used Cars. Berline à hayon, Essence, Manuelle. Année 2019, 91 325 km. Équipements: 12v aansluiting (vooraan en achteraan de centrale console), 16'' stalen velgen (205/60 R16), ABS, Achterbank (rug) neerklapbaar in 2 delen (60/40), Bandendruksensoren, Bestuurderszetel 4-weg manueel verstelbaar (voor/achter - hoogte), Boordcomputer, Centrale console met 2 open bekerhouders. Voiture d'occasion contrôlée, garantie minimum 1 an. Réservez votre essai en ligne.","https://fr.advusedcars.be/voitures/occasion/vilvoorde/ford/ecosport/essence/ecoboost-business-class-garantie/87606/","Essence"
"94017","fr_XX","2024 Ford Transit Model 2025 / E Transit / 40.000€ + TVA / Garantie","Ford Transit Model 2025 / E Transit / 40.000€ + TVA / Garantie chez ADV Used Cars. Fourgon tôlé, Électrique, Automatique. Année 2024, 65 km. Équipements: 180° openende (gesloten) achterdeuren, 360° camera, 8x DIN 75410 conforme sjorogen in laadruimte, ABS + ESP incl: Hill Launch assist, Trailer Sway assist, EBA/EBD/EBL, Traction C, Adaptive Cruise Control, Airbag bestuurder, Alternator 150 Amp, Automatische airconditioning - EATC. Voiture d'occasion contrôlée, garantie minimum 1 an. Réservez votre essai en ligne.","https://fr.advusedcars.be/voitures/occasion/vilvoorde/ford/transit/electrique/model-2025-e-transit-40-000-tva-garantie/94017/","Électrique"
"97631","fr_XX","2025 Ford Puma GEN E - PREMIUM - FULL EV","Ford Puma GEN E - PREMIUM - FULL EV chez ADV Used Cars. SUV, Électrique, Automatique. Année 2025, 11 870 km. Équipements: ''Frozen White'' Special niet-metaalkleur, 12.3'' Digitaal instrumentenbord, 18"" lichtmetalen velgen - 215/50 R18 92H banden, 2-weg manueel instelbare passagierszetel, 4-weg manueel instelbare passagierszetel, 4-weg manueel verstelbare lendensteun op passagierszetel, ABS met elektronische remkrachtverdeling, Achterbank neerklapbaar in twee delen (60/40). Voiture d'occasion contrôlée, garantie minimum 1 an. Réservez votre essai en ligne.","https://fr.advusedcars.be/voitures/occasion/vilvoorde/ford/puma/electrique/gen-e-premium-full-ev/97631/","Électrique"
"102097","fr_XX","2024 Ford Explorer Electric 77 kWh RWD Premium - Directiewagen","Ford Explorer Electric 77 kWh RWD Premium - Directiewagen chez ADV Used Cars. SUV, Électrique, Automatique. Année 2024, 36 473 km. Équipements: 12-weg elektrisch verstelbare bestuurderszetel met geheugenfunctie, 12V aansluiting in de kofferruimte, 17L MegaConsole met bekerhouders, 20'' Lichtmetalen velgen - banden 235/50 R20 vooraan 255/45 R20 achteraan, 6-weg manueel verstelbare passagierszetel, Achterbank neerklapbaar in 2 delen (60/40) met skiluik, Achteruitrijcamera, Automatisch dimmende interieurspiegel. Voiture d'occasion contrôlée, garantie minimum 1 an. Réservez votre essai en ligne.","https://fr.advusedcars.be/voitures/occasion/vilvoorde/ford/explorer-electric/electrique/77-kwh-rwd-premium-directiewagen/102097/","Électrique"
"102117","fr_XX","2024 Ford Capri 77 kWh Extended Range RWD Premium - Directiewagen!","Ford Capri 77 kWh Extended Range RWD Premium - Directiewagen! chez ADV Used Cars. SUV, Électrique, Automatique. Année 2024, 19 205 km. Équipements: 12-weg elektrisch verstelbare bestuurderszetel met geheugenfunctie, 12V aansluiting in de kofferruimte, 17L MegaConsole met bekerhouders, 20'' Lichtmetalen velgen - banden 235/50 R20 (vooraan) 255/45 R20 (achteraan), 6-weg manueel verstelbare passagierszetel, Achterbank neerklapbaar in 2 delen (60/40) met skiluik, Achteruitrijcamera, Automatisch dimmende interieurspiegel. Voiture d'occasion contrôlée, garantie minimum 1 an. Réservez votre essai en ligne.","https://fr.advusedcars.be/voitures/occasion/vilvoorde/ford/capri/electrique/77-kwh-extended-range-rwd-premium-directiewagen/102117/","Électrique"
"102597","fr_XX","2024 Ford Focus Winter Pack - Carplay/Android Auto - Ruby Red Metallic!!","Ford Focus Winter Pack - Carplay/Android Auto - Ruby Red Metallic!! chez ADV Used Cars. Break, Hybride (essence), Manuelle. Année 2024, 16 550 km. Équipements: ''Foundry'' in zwart met rode stiksels - ''Eton'' in zwart, 1 jaar Ford Pass Connected Services, 12V aansluiting in de kofferruimte, 17'' lichtmetalen velgen - ''Rock Metallic'' - 5 dubbele spaken - banden 215/50, 17'' lichtmetalen velgen - Rock Metallic - 5 dubbele spaken - banden 215/50 R17, 2-weg manueel instelbare passagierszetel, 4-weg manueel instelbare bestuurderszetel met lendensteun, 4-weg manueel verstelbare bestuurderszetel. Voiture d'occasion contrôlée, garantie minimum 1 an. Réservez votre essai en ligne.","https://fr.advusedcars.be/voitures/occasion/vilvoorde/ford/focus/hybride-essence/winter-pack-carplay-android-auto-ruby-red-metallic/102597/","Hybride (essence)"
"102615","fr_XX","2024 Ford Kuga PHEV ST-Line X - Graphite Tech Edition!!","Ford Kuga PHEV ST-Line X - Graphite Tech Edition!! chez ADV Used Cars. SUV, Hybride rechargeable, Automatique. Année 2024, 147 km. Équipements: 12V aansluiting in de kofferruimte, 18'' lichtmetalen velgen - Rock Metallic - banden 225/60 R18 100V, 360° camerasysteem, 4-weg elektrisch verstelbare lendensteun, 8-weg elektrisch verstelbare bestuurderszetel (AGR-gecertificeerd) met geheugenf, ABS met elektronische remkrachtverdeling, Achterbank (rug) elektrisch neerklapbaar in 2 delen (60/40), Achteruitrijcamera. Voiture d'occasion contrôlée, garantie minimum 1 an. Réservez votre essai en ligne.","https://fr.advusedcars.be/voitures/occasion/vilvoorde/ford/kuga/hybride-rechargeable/phev-st-line-x-graphite-tech-edition/102615/","Hybride rechargeable"
"102653","fr_XX","2021 Ford Focus Carplay/Android Auto - Winter Pack - Magnetic Metallic!!","Ford Focus Carplay/Android Auto - Winter Pack - Magnetic Metallic!! chez ADV Used Cars. Break, Essence, Manuelle. Année 2021, 43 676 km. Équipements: 12V aansluiting in de kofferruimte, 16'' Designer stalen velgen - Fine Silver - 5 spaken - banden 205/60 R16, 16'' lichtmetalen velgen - ''Sparkle Silver'' - 5 dubbele spaken - banden 205/60, 2-weg manueel instelbare passagierszetel, 4-weg manueel instelbare bestuurderszetel met lendensteun, 4-weg manueel verstelbare bestuurderszetel, ABS met elektronische remkrachtverdeling, Active Grille Shutter. Voiture d'occasion contrôlée, garantie minimum 1 an. Réservez votre essai en ligne.","https://fr.advusedcars.be/voitures/occasion/vilvoorde/ford/focus/essence/carplay-android-auto-winter-pack-magnetic-metallic/102653/","Essence"
"103629","fr_XX","2020 Ford Mondeo HEV ST-Line Hybrid AUT","Ford Mondeo HEV ST-Line Hybrid AUT chez ADV Used Cars. Break, Hybride (essence), Automatique. Année 2020, 40 070 km. Équipements: 'Quickclear' elektrische voorruitontdooiing, 10-weg elektrisch verstelbare voorzetels, bestuurderszetel met geheugenfunctie, 18'' lichtmetalen velgen - 5 dubbele spaken in Rock Metallic met 235/45 R18 band, Achterbank (rug) neerklapbaar in 2 delen (60/40), Achterspoiler in koetswerkkleur, Aluminium pedalen, Antiblokkeersysteem (ABS) met elektronische remkrachtverdeling (EBD), elektronis, Automatisch dimmende interieurspiegel. Voiture d'occasion contrôlée, garantie minimum 1 an. Réservez votre essai en ligne.","https://fr.advusedcars.be/voitures/occasion/vilvoorde/ford/mondeo/hybride-essence/hev-st-line-hybrid-aut/103629/","Hybride (essence)"
"103716","fr_XX","2023 Ford Mustang 5.0 V8 - Mach 1 - Recaro Seats - Manual!!","Welkom bij ADV Used Cars
ADV Used Cars staat garant voor kwaliteit, transparantie en een zorgeloze aankoopervaring.
Elke wagen in ons aanbod wordt zorgvuldig geselecteerd, volledig gecontroleerd en professioneel voorbereid voor aflevering, zodat u met een gerust hart de weg op kunt.
Wij engageren ons om elke klant een correct, veilig en betrouwbaar aankoopproces te bieden. Daarom worden al onze voertuigen keuringvrij afgeleverd, inclusief 12 maanden wettelijke garantie. Daarnaast bieden wij diverse aanvullende diensten aan, zoals financieringsoplossingen op maat, overname van uw huidige wagen, pechverhelping als extra zekerheid, en uitgebreide garantiepakketten bovenop de standaardgarantie. Zo kiest u niet alleen een wagen, maar ook de gemoedsrust die daarbij hoort.
U bent steeds welkom in onze showroom voor een bezichtiging, testrit of vrijblijvend advies. Wij helpen u graag bij het vinden van de wagen die perfect aansluit bij uw verwachtingen.
Bezoek ADV Used Cars
Adres: Schaarbeeklei 555, 1800 Vilvoorde
Telefoon: +32 2 227 69 95
Openingsuren:
- Maandag t.e.m. vrijdag: 08:00 – 18:30
- Zaterdag: 10:00 – 17:00
Niet gevonden wat u zocht?
Geen enkel probleem. In elk van onze 10 vestigingen bent u van harte welkom. Ons team staat klaar om u persoonlijk verder te helpen en samen de wagen te vinden die perfect bij uw wensen past. - Meer info op www.advautomotive.be
ADV Automotive | Zorgeloos bewegen
-
Bienvenue chez ADV Used Cars
ADV Used Cars est garant de qualité, de transparence et d'une expérience d'achat en toute sérénité.
Chaque voiture de notre gamme est soigneusement sélectionnée, entièrement contrôlée et préparée de manière professionnelle avant la livraison, afin que vous puissiez prendre la route en toute sérénité.
Nous nous engageons à offrir à chaque client un processus d'achat équitable, sûr et fiable. C'est pourquoi tous nos véhicules sont livrés avec contrôle technique, avec une garantie légale de 12 mois incluse. Nous proposons également divers services complémentaires, tels que des solutions de financement sur mesure, la reprise de votre véhicule actuel, une assistance dépannage pour plus de sécurité, ainsi que des packs de garantie étendus en complément de la garantie standard. Ainsi, vous ne choisissez pas seulement une voiture, mais aussi la tranquillité d’esprit qui va avec.
Vous êtes toujours les bienvenus dans notre showroom pour une visite, un essai routier ou des conseils sans engagement. Nous serons ravis de vous aider à trouver la voiture qui correspond parfaitement à vos attentes.
Rendez-vous chez ADV Used Cars
Adresse: Schaarbeeklei 555, 1800 Vilvoorde
Téléphone: +32 2 227 69 95
Horaires d'ouverture:
- Du lundi au vendredi: 8:00 – 18:30
- Samedi: 10:00 – 17:00
Vous n'avez pas trouvé ce que vous cherchiez?
Pas de problème. Vous êtes les bienvenus dans chacune de nos 10 agences. Notre équipe se tient à votre disposition pour vous aider personnellement et trouver ensemble la voiture qui correspond parfaitement à vos besoins. - Plus d'informations sur www.advautomotive.be
ADV Automotive | Se déplacer en toute sérénité","https://fr.advusedcars.be/voitures/occasion/vilvoorde/ford/mustang/essence/5-0-v8-mach-1-recaro-seats-manual/103716/","Essence"
"113080","fr_XX","2025 Ford Transit Connect EcoBlue Trend AUT LWB - Meteen beschikbaar!!","Ford Transit Connect EcoBlue Trend AUT LWB - Meteen beschikbaar!! chez ADV Used Cars. Fourgon tôlé, Diesel, Automatique. Année 2025, 24 km. Équipements: ''Heavy Duty'' batterij, 10'' Touchscreen, 12V aansluiting in laadruimte, 17'' stalen wielen met 215/55 banden, 2 bekerhouders voorin, 2 sleutels afstandbediend, 4-weg verstelbare voorzetel bestuurder, 4-weg verstelbare voorzetel passagier. Voiture d'occasion contrôlée, garantie minimum 1 an. Réservez votre essai en ligne.","https://fr.advusedcars.be/voitures/occasion/vilvoorde/ford/transit-connect/diesel/ecoblue-trend-aut-lwb-meteen-beschikbaar/113080/","Diesel"
"119477","fr_XX","2019 Ford KA+ Active uitvoering - Ruby Red - Slechts 31.000 km!!","Ford KA+ Active uitvoering - Ruby Red - Slechts 31.000 km!! chez ADV Used Cars. Berline à hayon, Essence, Manuelle. Année 2019, 31 024 km. Équipements: 'Active' drempelbeschermers, 12V-aansluiting, 15'' lichtmetalen velgen 'Active Style' - 185/60 R15 banden, ABS, Achterbank (rug) neerklapbaar in 2 delen (60/40), Airbags bestuurder en passagier (incl. desactiv.), zijairbags en gordijnairbags, Bandendruksensoren, Bestuurderszetel 4-weg manueel verstelbaar (voor/achter - hoogte). Voiture d'occasion contrôlée, garantie minimum 1 an. Réservez votre essai en ligne.","https://fr.advusedcars.be/voitures/occasion/vilvoorde/ford/ka/essence/active-uitvoering-ruby-red-slechts-31-000-km/119477/","Essence"
"138686","fr_XX","2026 Ford Ranger 3.0 EcoBoost V6 4WD Raptor by BOLD AUTOMOTIVE - 59.990 excl. BTW!!","Welkom bij ADV Used Cars
ADV Used Cars staat garant voor kwaliteit, transparantie en een zorgeloze aankoopervaring.
Elke wagen in ons aanbod wordt zorgvuldig geselecteerd, volledig gecontroleerd en professioneel voorbereid voor aflevering, zodat u met een gerust hart de weg op kunt.
Deze wagen wordt door ADV Used Cars aangeboden onder consignatie. Dat betekent dat het voertuig eigendom blijft van de huidige eigenaar, maar door ons professioneel wordt verkocht namens de klant. ADV Used Cars staat in voor de volledige commerciële presentatie, de administratieve opvolging en de begeleiding van het verkoopproces, zodat u als koper kunt rekenen op een transparante, veilige en correcte afhandeling.
Wij zorgen voor een grondige controle, een objectieve expertise en een professionele voorstelling van het voertuig, zodat u met vertrouwen kunt beslissen. De wagen wordt keuringsvrij afgeleverd en geniet nog van 18 maanden fabriekswaarborg.
Deze unieke Ford Ranger-Raptor 3.0 V6 is uitgerust met de volledige BOLD AUTOMOTIVE KIT + INTERIEUR. Voor alle specifieke informatie i.v.m. wat deze Kit allemaal inhoudt, bezoek de website www.bold-automotive.be.
U bent steeds welkom in onze showroom voor een bezichtiging, testrit of vrijblijvend advies. Wij helpen u graag bij het vinden van de wagen die perfect aansluit bij uw verwachtingen.
Bezoek ADV Used Cars
Adres: Schaarbeeklei 555, 1800 Vilvoorde
Telefoon: +32 2 227 69 95
Openingsuren:
- Maandag t.e.m. vrijdag: 08:00 – 18:30
- Zaterdag: 10:00 – 17:00
Niet gevonden wat u zocht?
Geen enkel probleem. In elk van onze 10 vestigingen bent u van harte welkom. Ons team staat klaar om u persoonlijk verder te helpen en samen de wagen te vinden die perfect bij uw wensen past. - Meer info op www.advautomotive.be
ADV Automotive | Zorgeloos bewegen
-
Bienvenue chez ADV Used Cars
ADV Used Cars est garant de qualité, de transparence et d'une expérience d'achat en toute sérénité.
Chaque voiture de notre gamme est soigneusement sélectionnée, entièrement contrôlée et préparée de manière professionnelle avant la livraison, afin que vous puissiez prendre la route en toute sérénité.
Ce véhicule est proposé par ADV Used Cars en consignation. Cela signifie que le véhicule reste la propriété de son propriétaire actuel, mais qu’il est vendu par nos soins de manière professionnelle pour le compte du client. ADV Used Cars se charge de l’ensemble de la présentation commerciale, du suivi administratif et de l’accompagnement du processus de vente, afin que vous, en tant qu’acheteur, puissiez compter sur un traitement transparent, sûr et correct.
Nous assurons un contrôle approfondi, une expertise objective et une présentation professionnelle du véhicule, afin que vous puissiez prendre votre décision en toute confiance. Le véhicule est livré sans contrôle technique et bénéficie encore de 18 mois de garantie constructeur.
Ce Ford Ranger Raptor 3.0 V6 unique en son genre est équipé du KIT BOLD AUTOMOTIVE + INTÉRIEUR complet. Pour toutes les informations spécifiques concernant le contenu de ce kit, rendez-vous sur le site www.bold-automotive.be.
Vous êtes toujours les bienvenus dans notre showroom pour une visite, un essai routier ou des conseils sans engagement. Nous serons ravis de vous aider à trouver la voiture qui correspond parfaitement à vos attentes.
Rendez-vous chez ADV Used Cars
Adresse: Schaarbeeklei 555, 1800 Vilvoorde
Téléphone: +32 2 227 69 95
Horaires d'ouverture:
- Du lundi au vendredi: 8:00 – 18:30
- Samedi: 10:00 – 17:00
Vous n'avez pas trouvé ce que vous cherchiez?
Pas de problème. Vous êtes les bienvenus dans chacune de nos 10 agences. Notre équipe se tient à votre disposition pour vous aider personnellement et trouver ensemble la voiture qui correspond parfaitement à vos besoins. - Plus d'informations sur www.advautomotive.be
ADV Automotive | Se déplacer en toute sérénité","https://fr.advusedcars.be/voitures/occasion/vilvoorde/ford/ranger/essence/3-0-ecoboost-v6-4wd-raptor-by-bold-automotive-59-990-excl-btw/138686/","Essence"
"139170","fr_XX","2024 Ford Ranger Wildtrak - Full Option - € 37.200 excl. BTW!!","Ford Ranger Wildtrak - Full Option - € 37.200 excl. BTW!! chez ADV Used Cars. Pick-up, Diesel, Automatique. Année 2024, 22 501 km. Équipements: 12'' aanraakscherm met SYNC 4, Apple Carplay en Android Auto, navigatiesysteem, audiosysteem met 6 luidsprekers en AM/FM-radio met DAB, stuurbediening, 12V-aansluiting achteraan, 18'' aluminium reservewiel, 18'' aluminium velgen in Medium Bolder Grey met zwarte naafdop, 255/65 all-seasonsbanden, 360° zoneverlichting, 8-weg elektrisch instelbare bestuurderszetel en 4-weg manueel instelbare passagierszetel, verwarmbaar, ABS/ESP, Achterbank met drie zitplaatsen en hoofdsteunen. Voiture d'occasion contrôlée, garantie minimum 1 an. Réservez votre essai en ligne.","https://fr.advusedcars.be/voitures/occasion/vilvoorde/ford/ranger/diesel/wildtrak-full-option-37-200-excl-btw/139170/","Diesel"
"139266","fr_XX","2023 Ford Puma Vivid Ruby Edition - Automaat - Carplay/Android Auto - 13.800 km!!","Ford Puma Vivid Ruby Edition - Automaat - Carplay/Android Auto - 13.800 km!! chez ADV Used Cars. SUV, Essence, Automatique. Année 2023, 13 802 km. Équipements: 'Quickclear' elektrische voorruitontdooiing, verwarmde zetels vooraan en verwarmd stuurwiel, 12.3'' Digitaal instrumentenbord, 18'' Lichtmetalen velgen - Black - 215/50 R18 banden, 2-weg manueel instelbare passagierszetel, 4-weg manueel instelbare bestuurderszetel, ABS met elektronische remkrachtverdeling - ESC inclusief assistentie bij vertrek op helling, Achterbank neerklapbaar in twee delen (60/40), Active Park Assist - semi-automatisch parkeerhulpsysteem met parkeerhulp voor- en achteraan. Voiture d'occasion contrôlée, garantie minimum 1 an. Réservez votre essai en ligne.","https://fr.advusedcars.be/voitures/occasion/vilvoorde/ford/puma/essence/vivid-ruby-edition-automaat-carplay-android-auto-13-800-km/139266/","Essence"
"20944","fr_XX","2022 Ford Mustang Mach-E GT 487pk","Ford Mustang Mach-E GT 487pk chez Garage Neyt. SUV, Électrique, Automatique. Année 2022, 32 900 km. Équipements: 360° camera, 4x4, ABS, Achteruitrijcamera, Adaptieve Cruise Control, Adaptieve dimlichten, Airbag bestuurder, Airbag passagier. Voiture d'occasion contrôlée, garantie minimum 1 an. Réservez votre essai en ligne.","https://fr.advusedcars.be/voitures/occasion/lokeren/ford/mustang/electrique/mach-e-gt-487pk/20944/","Électrique"
"20983","fr_XX","2024 Ford Kuga FHEV ST-Line","Ford Kuga FHEV ST-Line chez Garage Neyt. SUV, Hybride (essence), Automatique. Année 2024, 100 km. Équipements: ABS/EBD, Achteruitrijcamera, Aide au stationnement avant etarrière, Airbags avancés (frontaux et latéraux avant; airbags rideaux avant et arrière), Anneaux d'arrimage dans le coffre, Auto Start-Stop, Avertissement pour ceintures sur la 1ère et 2ième rangée, Badge ST-line. Voiture d'occasion contrôlée, garantie minimum 1 an. Réservez votre essai en ligne.","https://fr.advusedcars.be/voitures/occasion/lokeren/ford/kuga/hybride-essence/fhev-st-line/20983/","Hybride (essence)"
"20991","fr_XX","2023 Ford Mustang Mach-E 91 kWh Premium AWD","Ford Mustang Mach-E 91 kWh Premium AWD chez Garage Neyt. SUV, Électrique, Automatique. Année 2023, 32 750 km. Équipements: 'Quickclear' elektrische voorruitontdooiing, 12V aansluiting in de kofferruimte, 19'' lichtmetalen velgen - banden 225/55 R19 103H, 19'' lichtmetalen velgen - banden 225/55 R19 99V, 360° camerasysteem, ABS met elektronische remkrachtverdeling, Achterbank (rug) neerklapbaar in 2 delen (60/40), Active Park Assist Prep Kit. Voiture d'occasion contrôlée, garantie minimum 1 an. Réservez votre essai en ligne.","https://fr.advusedcars.be/voitures/occasion/lokeren/ford/mustang-mach-e/electrique/91-kwh-premium-awd/20991/","Électrique"
"21012","fr_XX","2021 Ford Mustang Mach E AWD Extended Range 351pk","Ford Mustang Mach E AWD Extended Range 351pk chez Garage Neyt. SUV, Électrique, Automatique. Année 2021, 41 899 km. Équipements: 4x4, Accoudoir, Alarme, Android Auto, Antipatinage, Apple Carplay, Boîte automatique, Caméra de recul. Voiture d'occasion contrôlée, garantie minimum 1 an. Réservez votre essai en ligne.","https://fr.advusedcars.be/voitures/occasion/lokeren/ford/mustang/electrique/mach-e-awd-extended-range-351pk/21012/","Électrique"
"28243","fr_XX","2023 Ford Ranger Wildtrak 2.0 diesel","Ford Ranger Wildtrak 2.0 diesel chez Garage Neyt. Pick-up, Diesel, Automatique. Année 2023, 95 650 km. Voiture d'occasion contrôlée, garantie minimum 1 an. Réservez votre essai en ligne.","https://fr.advusedcars.be/voitures/occasion/lokeren/ford/ranger/diesel/wildtrak-2-0-diesel/28243/","Diesel"
"33626","fr_XX","2022 Ford Mustang Mach-E 91 kWh AWD GT","Ex Demo Mustang Mach E GT, geen eigenaar buiten de garage Ford Mustang Mach-E 91 kWh AWD GT chez Garage Neyt. SUV, Électrique, Automatique. Année 2022, 34 625 km. Équipements: 'Quickclear' elektrische voorruitontdooiing, 12V aansluiting in de kofferruimte, 20'' lichtmetalen velgen - banden 245/45 R20 103H, 360° camerasysteem, ABS met elektronische remkrachtverdeling, Achterbank (rug) neerklapbaar in 2 delen (60/40), Achteruitrijcamera, Active Park Assist. Voiture d'occasion contrôlée, garantie minimum 1 an. Réservez votre essai en ligne.","https://fr.advusedcars.be/voitures/occasion/lokeren/ford/mustang-mach-e/electrique/91-kwh-awd-gt/33626/","Électrique"
"47294","fr_XX","2024 Ford Explorer Explorer ER RWD","Ford Explorer Explorer ER RWD chez Garage Neyt. SUV, Électrique, Automatique. Année 2024, 4 450 km. Voiture d'occasion contrôlée, garantie minimum 1 an. Réservez votre essai en ligne.","https://fr.advusedcars.be/voitures/occasion/lokeren/ford/explorer/electrique/explorer-er-rwd/47294/","Électrique"
"47298","fr_XX","2024 Ford Explorer Explorer Premium ER AWD","Ford Explorer Explorer Premium ER AWD chez Garage Neyt. SUV, Électrique, Automatique. Année 2024, 1 500 km. Voiture d'occasion contrôlée, garantie minimum 1 an. Réservez votre essai en ligne.","https://fr.advusedcars.be/voitures/occasion/lokeren/ford/explorer/electrique/explorer-premium-er-awd/47298/","Électrique"
"47299","fr_XX","2024 Ford Capri 77 kWh Extended Range RWD Premium","Ford Capri 77 kWh Extended Range RWD Premium chez Garage Neyt. SUV, Électrique, Automatique. Année 2024, 19 990 km. Équipements: Accoudoir rabattable avec porte-gobelets sur la deuxième rangée de sièges, Achteruitrijcamera, Aide au stationnement à l'avant et à l'arrière avec freinage de manœuvre, Airbags avancés (frontaux et latéraux avant; airbags rideaux avant et arrière), Anneaux d'arrimage dans le coffre, Binnenspiegel automatisch dimmend"", Blind Spot Information System (BLIS) avec Cross Trafic Alert avec Active Braking, Cable de chargement pour points de charge publiques (type 2 - 16A triphasé). Voiture d'occasion contrôlée, garantie minimum 1 an. Réservez votre essai en ligne.","https://fr.advusedcars.be/voitures/occasion/lokeren/ford/capri/electrique/77-kwh-extended-range-rwd-premium/47299/","Électrique"
"47300","fr_XX","2025 Ford Capri 77 kWh Extended Range RWD Premium","Ford Capri 77 kWh Extended Range RWD Premium chez Garage Neyt. SUV, Électrique, Automatique. Année 2025, 19 500 km. Équipements: 12-weg elektrisch verstelbare bestuurderszetel met geheugenfunctie, 12V aansluiting in de kofferruimte, 17L MegaConsole met bekerhouders, 20'' Lichtmetalen velgen - banden 235/50 R20 (vooraan) 255/45 R20 (achteraan), 6-weg manueel verstelbare passagierszetel, Achterbank neerklapbaar in 2 delen (60/40) met skiluik, Achteruitrijcamera, Automatisch dimmende interieurspiegel. Voiture d'occasion contrôlée, garantie minimum 1 an. Réservez votre essai en ligne.","https://fr.advusedcars.be/voitures/occasion/lokeren/ford/capri/electrique/77-kwh-extended-range-rwd-premium/47300/","Électrique"
"47311","fr_XX","2025 Ford Capri 77 kWh Extended Range RWD","Ford Capri 77 kWh Extended Range RWD chez Garage Neyt. SUV, Électrique, Automatique. Année 2025, 19 900 km. Équipements: Accoudoir rabattable avec porte-gobelets sur la deuxième rangée de sièges, Achteruitrijcamera, Aide au stationnement à l'avant et à l'arrière avec freinage de manœuvre, Airbags avancés (frontaux et latéraux avant; airbags rideaux avant et arrière), Anneaux d'arrimage dans le coffre, Binnenspiegel automatisch dimmend"", Blind Spot Information System (BLIS) avec Cross Trafic Alert avec Active Braking, Cable de chargement pour points de charge publiques (type 2 - 16A triphasé). Voiture d'occasion contrôlée, garantie minimum 1 an. Réservez votre essai en ligne.","https://fr.advusedcars.be/voitures/occasion/lokeren/ford/capri/electrique/77-kwh-extended-range-rwd/47311/","Électrique"
"47312","fr_XX","2025 Ford Puma 43,6 kWh Gen-E Premium","Ford Puma 43,6 kWh Gen-E Premium chez Garage Neyt. SUV, Électrique, Automatique. Année 2025, 3 500 km. Équipements: ''Frozen White'' Teinte non-métallisée spéciale, ABS/EBD, Achteruitrijcamera, Active Grille Shutter, Aide au stationnement AR, Airbags avancés (Frontaux et latéraux avant pour passager et conducteur; airbags, Banquette arrière rabattable en deux parties (60/40), Binnenspiegel automatisch dimmend"". Voiture d'occasion contrôlée, garantie minimum 1 an. Réservez votre essai en ligne.","https://fr.advusedcars.be/voitures/occasion/lokeren/ford/puma/electrique/43-6-kwh-gen-e-premium/47312/","Électrique"
"52634","fr_XX","2021 Ford Puma Ecoboost mHEV ST-Line X","Ford Puma Ecoboost mHEV ST-Line X chez Garage Neyt. SUV, Essence, Manuelle. Année 2021, 49 350 km. Équipements: ABS avec répartition électronique de la force de freinage - ESC inclusive aide au démarrage en côte, Aide au stationnement arrière, Airbags avancés (Frontaux, latéraux et genoux avant pour passager et conducteur), Airbags rideaux avant et arrière, Avertissement pour ceintures sur la 1ère et 2ième rangée, Banquette arrière rabattable en deux parties (60/40), Becquet, Boordcomputer. Voiture d'occasion contrôlée, garantie minimum 1 an. Réservez votre essai en ligne.","https://fr.advusedcars.be/voitures/occasion/lokeren/ford/puma/essence/ecoboost-mhev-st-line-x/52634/","Essence"
"52635","fr_XX","2023 Ford Transit 350L L3H2 2.0 Ecoblue 130pk FWD Manueel","Ford Transit 350L L3H2 2.0 Ecoblue 130pk FWD Manueel chez Garage Neyt. Fourgon tôlé, Diesel, Manuelle. Année 2023, 50 km. Voiture d'occasion contrôlée, garantie minimum 1 an. Réservez votre essai en ligne.","https://fr.advusedcars.be/voitures/occasion/lokeren/ford/transit/diesel/350l-l3h2-2-0-ecoblue-130pk-fwd-manueel/52635/","Diesel"
"52637","fr_XX","2024 Ford Mustang Mach-E 91 kWh Premium AWD","Ford Mustang Mach-E 91 kWh Premium AWD chez Garage Neyt. SUV, Électrique, Automatique. Année 2024, 28 500 km. Équipements: ABS/EBD, Accoudoir rabattable avec porte-gobelet sur la deuxième rangée de sièges, Achteruitrijcamera, Aide au démarrage en côte (Hill Start Assist), Aide au stationnement actif, Aide au stationnement avant etarrière, Airbags avancés (frontaux, latéraux et genoux avant, airbags rideaux avant et ar, Anneaux d'arrimage dans le coffre. Voiture d'occasion contrôlée, garantie minimum 1 an. Réservez votre essai en ligne.","https://fr.advusedcars.be/voitures/occasion/lokeren/ford/mustang-mach-e/electrique/91-kwh-premium-awd/52637/","Électrique"
"52645","fr_XX","2022 Ford Transit 350L L3H2 Electric 67kWh Trend RWD AUT","Ford Transit 350L L3H2 Electric 67kWh Trend RWD AUT chez Garage Neyt. Fourgon tôlé, Électrique, Automatique. Année 2022, 11 500 km. Équipements: ABS + ESP incl: Hill Launch assist, Trailer Sway assist, EBA/EBD/EBL, Traction C, Airbag bestuurder, Alternateur 150 Amp, Assistance de stationnement (avant et arrière), Axe renforcé, Climatisation automatique - EATC, Cloison de séparation: complètement fermé (en acier) sans rétroviseur intérieur, Colonne de direction réglable en hauteur et profondeur. Voiture d'occasion contrôlée, garantie minimum 1 an. Réservez votre essai en ligne.","https://fr.advusedcars.be/voitures/occasion/lokeren/ford/transit/electrique/350l-l3h2-electric-67kwh-trend-rwd-aut/52645/","Électrique"
"64653","fr_XX","2021 Ford Focus EcoBoost mHEV ST-Line","Ford Focus EcoBoost mHEV ST-Line chez Garage Neyt. Berline à hayon, Essence, Manuelle. Année 2021, 37 840 km. Équipements: ABS/EBD, Accoudoir centrale avant, Achteruitrijcamera, Active Grille Shutter, Aide au stationnement avant et arrière, Airbags avancés (frontaux, latéraux et genoux avant, airbags rideaux avant et ar, Auto Start-Stop, Automatische lichten. Voiture d'occasion contrôlée, garantie minimum 1 an. Réservez votre essai en ligne.","https://fr.advusedcars.be/voitures/occasion/lokeren/ford/focus/essence/ecoboost-mhev-st-line/64653/","Essence"
"70574","fr_XX","2023 Ford Mustang Mach-E 76 kWh Base RWD","Ford Mustang Mach-E 76 kWh Base RWD chez Garage Neyt. SUV, Électrique, Automatique. Année 2023, 27 500 km. Équipements: ABS/EBD, Accoudoir rabattable avec porte-gobelet sur la deuxième rangée de sièges, Active Park Assist Prep Kit, Aide au démarrage en côte (Hill Start Assist), Aide au stationnement avant etarrière, Airbags avancés (frontaux, latéraux et genoux avant, airbags rideaux avant et arrière), Alarme anti vol périphérique et volumetrique, Anneaux d'arrimage dans le coffre. Voiture d'occasion contrôlée, garantie minimum 1 an. Réservez votre essai en ligne.","https://fr.advusedcars.be/voitures/occasion/lokeren/ford/mustang-mach-e/electrique/76-kwh-base-rwd/70574/","Électrique"
"75230","fr_XX","2025 Ford Transit Courier EcoBlue Active","Ford Transit Courier EcoBlue Active chez Garage Neyt. Fourgon tôlé, Diesel, Manuelle. Année 2025, 15 km. Équipements: ""Nunavut"" en Nordic Blue (tissu), 2 connexions USB dans la cabine, 2 télécommandes, Airbag passager à déconnecter, Airbags latéraux avant, Airbags passager et conducteur frontaux, Airbags rideaux, Automatische lichten. Voiture d'occasion contrôlée, garantie minimum 1 an. Réservez votre essai en ligne.","https://fr.advusedcars.be/voitures/occasion/lokeren/ford/transit-courier/diesel/ecoblue-active/75230/","Diesel"
"75389","fr_XX","2025 Ford Transit Custom 300S TD Trend","Ford Transit Custom 300S TD Trend chez Garage Neyt. Fourgon tôlé, Diesel, Manuelle. Année 2025, 25 km. Équipements: 2 télécommandes, 4 haut-parleurs, 6 Oeillets d'arrimage, Aide au maintien sur la voie (LKA), Aide au stationnement arrière, Aide au stationnement avant, Aide à la vitesse intelligente, Airconditioning automatisch. Voiture d'occasion contrôlée, garantie minimum 1 an. Réservez votre essai en ligne.","https://fr.advusedcars.be/voitures/occasion/lokeren/ford/transit-custom/diesel/300s-td-trend/75389/","Diesel"
"75396","fr_XX","2025 Ford Transit Custom 300L TD Trend","Ford Transit Custom 300L TD Trend chez Garage Neyt. Fourgon tôlé, Diesel, Manuelle. Année 2025, 25 km. Équipements: 2 télécommandes, 4 haut-parleurs, 8 Oeillets d'arrimage, Aide au maintien sur la voie (LKA), Aide au stationnement arrière, Aide au stationnement avant, Aide à la vitesse intelligente, Airconditioning automatisch. Voiture d'occasion contrôlée, garantie minimum 1 an. Réservez votre essai en ligne.","https://fr.advusedcars.be/voitures/occasion/lokeren/ford/transit-custom/diesel/300l-td-trend/75396/","Diesel"
"81589","fr_XX","2022 Ford Focus EcoBoost mHEV ST-Line Style","Ford Focus EcoBoost mHEV ST-Line Style chez Garage Neyt. Berline à hayon, Hybride (essence), Manuelle. Année 2022, 21 500 km. Équipements: ABS/EBD, Accoudoir centrale avant, Active Grille Shutter, Aide au stationnement avant et arrière, Airbags avancés (frontaux, latéraux et genoux avant, airbags rideaux avant et ar, Auto Start-Stop, Automatische lichten, Avertissement pour ceintures sur la 1ère et 2ième rangée. Voiture d'occasion contrôlée, garantie minimum 1 an. Réservez votre essai en ligne.","https://fr.advusedcars.be/voitures/occasion/lokeren/ford/focus/hybride-essence/ecoboost-mhev-st-line-style/81589/","Hybride (essence)"
"64305","fr_XX","2024 Ford Capri CAPRI AWD","Ford Capri CAPRI AWD chez Vanspringel Automobiles. SUV, Électrique, Automatique. Année 2024, 6 527 km. Équipements: 360° caméra, 4x4, ABS, Accoudoir, Adaptive Cruise Control, Airbag conducteur, Airbag passager, Android Auto. Voiture d'occasion contrôlée, garantie minimum 1 an. Réservez votre essai en ligne.","https://fr.advusedcars.be/voitures/occasion/saint-gilles/ford/capri/electrique/capri-awd/64305/","Électrique"
"65651","fr_XX","2024 Ford Kuga PHEV ST-Line X","Découvrez ce superbe Ford Kuga Plug-in Hybrid, alliant puissance, confort haut de gamme et technologie de pointe.
Grâce à son moteur 2.5 hybride rechargeable de 243 ch, il offre une conduite fluide, silencieuse et économe, tout en permettant de rouler en 100 % électrique sur les trajets du quotidien.
Équipements principaux :
• Moteur 2.5 Plug-in Hybrid – 243 ch
• Boîte automatique eCVT
• Préparation attelage de remorque
• Toit ouvrant panoramique
• Jantes alliage 19’’ Black
• Pack Hiver (sièges chauffants, volant chauffant, pare-brise dégivrant…)
• Pack Technologie (affichage tête haute, aides à la conduite avancées, etc.)
• Caméra de recul 360 degré + capteurs avant/arrière
• Système multimédia avec écran tactile + GPS
• Apple CarPlay / Android Auto
• Feux Full LED
• Climatisation automatique bi-zone
• Accès et démarrage mains libres
• Mode EV (conduite 100 % électrique)
Autres informations :
• Puissance combinée : 243 ch
• Énergie : Hybride rechargeable (PHEV)
• Autonomie électrique : jusqu’à 56 km


📍 Véhicule disponible dans nos concessions Vanspringel à Saint-Gilles, Anderlecht et Wavre.","https://fr.advusedcars.be/voitures/occasion/saint-gilles/ford/kuga/essence/phev-st-line-x/65651/","Essence"
"65727","fr_XX","2022 Ford Mustang Mach-E 99kWh RWD","FORD MUSTANG MACH-E RWD 99 kWh Extended Range – Iced Blue Silver
Découvrez cette magnifique Mustang Mach-E dans sa version propulsion (RWD) avec la grande batterie 99 kWh, offrant autonomie, confort et technologies de pointe.
Avec seulement 12 140 km au compteur, elle se distingue par son excellent état et son haut niveau d’équipement.

Équipements et options principales :
• Batterie 99 kWh – Propulsion (RWD)
• Couleur : Iced Blue Silver

• Technology Pack Plus, comprenant :
o Système audio B&O 10 haut-parleurs
o Hayon électrique
o Aide à la pré-collision
o Régulateur de vitesse adaptatif
o Reconnaissance des panneaux de signalisation
o Caméra 360°
o Sièges avant électriques 8 directions
o Toit panoramique fixe

• Avertisseur d’angle mort (BLIS)
• Projecteurs Full LED
• Rétroviseurs extérieurs chauffants
• Chargeur à induction pour smartphone
• Garantie constructeur étendue jusqu’au 30/12/2026


Retrouvez le véhicule dans nos garages Vanspringel à Saint-GIlles- Anderlecht- Wavre","https://fr.advusedcars.be/voitures/occasion/saint-gilles/ford/mustang-mach-e/electrique/99kwh-rwd/65727/","Électrique"
"65734","fr_XX","2024 Ford Explorer 77 kWh RWD","🚘 Ford Explorer 77 kW Extended Range Select – Agate Black
Découvrez ce Ford Explorer Extended Range Select, un SUV 100 % électrique alliant puissance, autonomie et élégance. Avec sa finition haut de gamme et ses nombreuses options de confort et de sécurité, il offre une expérience de conduite moderne, fluide et agréable au quotidien.

Équipements et options :
• Pompe à chaleur
• Pack Driver Assistance
• Caméra 360°
• Hayon à ouverture mains libres
• Affichage tête haute (Head-Up Display)
• Avertisseur d’angle mort
• Régulateur de vitesse adaptatif
• Accès et démarrage sans clé (Key Free)
• Phares LED

Garantie constructeur jusqu’au 31/01/2028

📍 Véhicule disponible dans nos concessions Vanspringel à Saint-Gilles, Anderlecht et Wavre.","https://fr.advusedcars.be/voitures/occasion/saint-gilles/ford/explorer/electrique/77-kwh-rwd/65734/","Électrique"
"66376","fr_XX","2024 Ford Mustang Mach-E 91 kWh Premium AWD","FORD MUSTANG MACH-E AWD PREMIUM EXTENDED RANGE – 91 kWh – COULEUR ERUPTION GREEN
Découvrez cette superbe Ford Mustang Mach-E Premium, 100 % électrique, au style audacieux et à la technologie de pointe.
Avec sa batterie Extended Range de 91 kWh et sa transmission intégrale (AWD), elle offre des performances remarquables, une excellente autonomie et un confort de conduite d’exception.

⚙️ Équipements principaux :
• Batterie Extended Range 91 kWh
• Transmission intégrale (AWD)
• Finition Premium
• Couleur exclusive Eruption Green
• Toit panoramique fixe
• Pack Parking (caméras 360°, aide active au stationnement, capteurs avant/arrière)
• Pack Hiver : sièges avant chauffants, volant chauffant, pare-brise chauffant
• Régulateur de vitesse adaptatif avec maintien de voie
• Hayon électrique mains libres
• Système audio B&O avec 10 haut-parleurs
• Sièges avant électriques 8 directions
• Phares Full LED adaptatifs
• Éclairage d’ambiance intérieur personnalisable
• Système KeyFree (accès et démarrage sans clé)
• Avertisseur d’angle mort (BLIS)
• Grand écran central tactile + navigation intégrée
• Connectivité Apple CarPlay / Android Auto sans fil
• Caméra de recul et vision 360°

garantie jusqu'en 07/28

📍 Véhicule disponible dans nos concessions Vanspringel à Saint-Gilles, Anderlecht et Wavre.","https://fr.advusedcars.be/voitures/occasion/saint-gilles/ford/mustang-mach-e/electrique/91-kwh-premium-awd/66376/","Électrique"
"66388","fr_XX","2025 Ford Capri 77 kWh Extended Range RWD Premium","FORD CAPRI PREMIUM 77 kWh EXTENDED RANGE – GRIS MAGNETIC

Découvrez cette Ford Capri Premium en teinte exclusive Gris Magnetic, équipée de la batterie 77 kWh Extended Range pour une autonomie conséquente et des performances dynamiques. Finition haut de gamme, confort, technologie et sécurité 

⚙️ Équipements & options principales

Batterie 77 kWh Extended Range
Finition Premium
Couleur : Gris Magnetic (peinture métallisée)
Attelage rétractable (pré-équipé / fonctionnel)
Pompe à chaleur (optimisation autonomie et chauffage efficace)
Caméra 360° (vision périphérique + aide au stationnement)
Sièges chauffants avants 
Volant chauffant
Coffre électrique 
Éclairage d’ambiance intérieur (personnalisable)
Ciel de toit noir 
Régulateur de vitesse adaptatif 
Avertisseur d’angle mort (BLIS)
Siège conducteur électrique 

📍 Véhicule disponible dans nos concessions Vanspringel à Saint-Gilles, Anderlecht et Wavre.","https://fr.advusedcars.be/voitures/occasion/saint-gilles/ford/capri/electrique/77-kwh-extended-range-rwd-premium/66388/","Électrique"
"68491","fr_XX","2024 Ford Puma EcoBoost mHEV ST-Line X","🚘 Ford Puma ST-Line X 125 ch – Noir – Boîte manuelle
Découvrez le Ford Puma ST-Line X, un SUV compact sportif qui allie dynamisme, confort et technologies avancées. Son design élégant et ses nombreuses options rendent chaque trajet agréable et sécurisé, que ce soit en ville ou sur route.
Équipements et options :
• Pack Hiver : dégivrage par le pare-brise, volant chauffant, sièges avant chauffants
• Pack Driver Assistance : BLIS (avertisseur d’angle mort), caméra 360°, bip avant et arrière, régulateur de vitesse adaptatif, système de pré-collision, reconnaissance des panneaux de signalisation
• Phares Full LED avec fonction anti-éblouissement
Garantie étendue jusqu’en août 2028
📍 Véhicule disponible dans nos concessions Vanspringel à Saint-Gilles, Anderlecht et Wavre.","https://fr.advusedcars.be/voitures/occasion/saint-gilles/ford/puma/essence/ecoboost-mhev-st-line-x/68491/","Essence"
"73365","fr_XX","2025 Ford Transit Custom Nugget - Korte wielbasis - Meteen beschikbaar!!","Ford Transit Custom Nugget - Korte wielbasis - Meteen beschikbaar!! chez Vanspringel Automobiles. Fourgon, Diesel, Manuelle. Année 2025, 12 100 km. Équipements: ABS, Achteruitrijcamera, Airbag bestuurder, Airbag passagier, Airbags latéraux, Airconditioning automatisch, Android Auto, Apple Carplay. Voiture d'occasion contrôlée, garantie minimum 1 an. Réservez votre essai en ligne.","https://fr.advusedcars.be/voitures/occasion/saint-gilles/ford/transit-custom/diesel/nugget-korte-wielbasis-meteen-beschikbaar/73365/","Diesel"
"80528","fr_XX","2024 Ford Transit 350L L3H2 TD Trend AUT FWD","Ford Transit 350L L3H2 TD Trend AUT FWD chez Vanspringel Automobiles. Fourgon tôlé, Diesel, Automatique. Année 2024, 20 km. Équipements: 1er propriétaire, ABS, ABS + ESP incl: Hill Launch assist, Trailer Sway assist, EBA/EBD/EBL, Traction C, Airbag conducteur, Airbag conducteur, Alternateur 150 Amp, Android Auto, Apple Carplay. Voiture d'occasion contrôlée, garantie minimum 1 an. Réservez votre essai en ligne.","https://fr.advusedcars.be/voitures/occasion/saint-gilles/ford/transit/diesel/350l-l3h2-td-trend-aut-fwd/80528/","Diesel"
"86380","fr_XX","2024 Ford Puma EcoBoost Titanium","Ford Puma EcoBoost Titanium chez Vanspringel Automobiles. SUV, Essence, Manuelle. Année 2024, 22 930 km. Équipements: ABS, Accoudoir, Airbag conducteur, Airbag passager, Airbags latéraux, Airbags à l'arrière, Android Auto, Apple Carplay. Voiture d'occasion contrôlée, garantie minimum 1 an. Réservez votre essai en ligne.","https://fr.advusedcars.be/voitures/occasion/saint-gilles/ford/puma/essence/ecoboost-titanium/86380/","Essence"
"119139","fr_XX","2024 Ford Tourneo Custom 2.0 TD 136PK Automatique - 8 Places!!","Ford Tourneo Custom 2.0 TD 136PK Automatique - 8 Places!! chez Vanspringel Automobiles. Monospace, Diesel, Automatique. Année 2024, 10 km. Équipements: 3 zones automatische airconditioning, ABS, ABS, Achteruitrijcamera, Achteruitrijcamera, Airbag bestuurder, Airbag bestuurder, Airbag passagier. Voiture d'occasion contrôlée, garantie minimum 1 an. Réservez votre essai en ligne.","https://fr.advusedcars.be/voitures/occasion/saint-gilles/ford/tourneo-custom/diesel/2-0-td-136pk-automatique-8-places/119139/","Diesel"
"20490","fr_XX","2022 Ford Mustang Mach-E 76kWh AWD - Directiewagen!","Waasland Automotive stelt voor:
ONMIDDELLIJK LEVERBAAR UIT STOCK!
Al onze wagens worden keuringsvrij afgeleverd - Car Pass (gewaarborgde kilometerstand) - 12 maanden waarborg.

Kenmerken van deze auto:
Datum 1ste inschrijving: 16/06/2022
Kilometerstand: 6.426 km
Brandstof: Elektrisch
Transmissie: Automaat
Kleur: Grijs (Dark Matter Grey)
Opties: Exclusieve metaalkleur; Technology Pack ""+""
Prijs: € 49.900,00

Kom langs voor een proefrit en ervaar zelf de kwaliteit van onze (jonge) occasies. Wij staan klaar om al uw vragen te beantwoorden en u te adviseren. Wij zijn 24/7 bereikbaar op het nr. 0478/11.32.30, ook op zondagen en feestdagen, of kom gerust langs naar onze showroom te Pareinpark 4, 9120 Beveren-Waas.

Waasland Automotive présente :
IMMÉDIATEMENT DISPONIBLE EN STOCK !
Toutes nos voitures sont livrées sans inspection - Car Pass (kilométrage garanti) - 12 mois de garantie.

Caractéristiques de cette voiture :
Date de la première immatriculation : 16/06/2022
Kilométrage : 6.426 km
Carburant : Electrique
Transmission : Automatique
Couleur : Gris (Dark Matter Grey)
Options : Couleur métallisée ; Technology Pack ""+""
Prix : € 49.900,00

Venez faire un essai routier et vous rendre compte par vous-même de la qualité de nos (jeunes) voitures d'occasion. Nous sommes prêts à répondre à toutes vos questions et à vous conseiller. Nous sommes joignables 24 heures sur 24 et 7 jours sur 7 au 0478/11.32.30, y compris les dimanches et jours fériés, ou n’hésitez pas à vous rendre dans notre salle d’exposition au Pareinpark 4, 9120 Beveren-Waas.","https://fr.advusedcars.be/voitures/occasion/beveren/ford/mustang-mach-e/electrique/76kwh-awd-directiewagen/20490/","Électrique"
"30165","fr_XX","2021 Ford Mustang Mach-E 76kWh RWD - Topdeal!","Waasland Automotive stelt voor:

ONMIDDELLIJK LEVERBAAR UIT STOCK!

Al onze wagens worden keuringsvrij afgeleverd - Car Pass (gewaarborgde kilometerstand) - 12 maanden waarborg.

Kenmerken van deze auto:
Datum 1ste inschrijving: 28/10/2021.
Kilometerstand: 7.210 km.
Brandstof: Elektrisch.
Transmissie: Automaat.
Kleur: Rood (Rapid Red).
Opties: Exclusieve metaalkleur; Technology Pack ""+"".
Prijs: € 36.990,00.

Kom langs voor een proefrit en ervaar zelf de kwaliteit van onze (jonge) occasies. Wij staan klaar om al uw vragen te beantwoorden en u te adviseren. Wij zijn 24/7 bereikbaar op het nr. 0478/11.32.30, ook op zondagen/feestdagen of kom gerust langs naar onze showroom te Europark 4, 9100 Sint-Niklaas.

—

Waasland Automotive présente :

IMMÉDIATEMENT DISPONIBLE EN STOCK !

Toutes nos voitures sont livrées sans inspection - Car Pass (kilométrage garanti) - 12 mois de garantie.

Caractéristiques de cette voiture :
Date de la première immatriculation: 28/10/2021.
Kilométrage: 7.210 km.
Carburant: Electrique.
Transmission: Automatique.
Couleur: Rouge (Rapid Red).
Options: Couleur métallisée ; Technology Pack ""+"".
Prix: € 36.990,00.

Venez faire un essai routier et vous rendre compte par vous-même de la qualité de nos (jeunes) voitures d’occasion. Nous sommes prêts à répondre à toutes vos questions et à vous conseiller. Nous sommes joignables 24 heures sur 24 et 7 jours sur 7 au 0478/11.32.30, y compris les dimanches et jours fériés, ou rendez-vous dans notre salle d’exposition au Europark 4, Sint-Niklaas.","https://fr.advusedcars.be/voitures/occasion/beveren/ford/mustang-mach-e/electrique/76kwh-rwd-topdeal/30165/","Électrique"
"50010","fr_XX","2021 Ford Focus Connected - € 19.990!!","Waasland Automotive stelt voor:
ONMIDDELLIJK LEVERBAAR UIT STOCK!
Al onze wagens wordt keuringsvrij afgeleverd - Car Pass (gewaarborgde kilometerstand) - 12 maanden waarborg
Kenmerken van deze auto:
- Datum 1ste inschrijving: 21/08/2021
- Kilometerstand: 33.312 km
- Brandstof: DIesel
- Transmissie: Manueel
- Kleur: Blauw (Chrome Blue)
- Opties: Metaalkleur; Winter Pack; Comfort Pack; Parking Pack; Donkere ruiten; Reservewiel
- Prijs: € 19.990,00
Kom langs voor een proefrit en ervaar zelf de kwaliteit van onze (jonge) occasies. Wij staan klaar om al uw vragen te beantwoorden en u te adviseren. Wij zijn 24/7 bereikbaar op het nr. 0478/11.32.30, ook op zondagen/feestdagen of kom gerust langs naar onze Showroom te Pareinpark 4, 9120 Beveren-Waas.
-
Waasland Automotive présente :

IMMÉDIATEMENT DISPONIBLE EN STOCK !
Toutes nos voitures sont livrées sans inspection - Car Pass (kilométrage garanti) - 12 mois de garantie

Caractéristiques de cette voiture:
- Date de la première immatriculation: 12/08/2021
- Kilométrage : 33.312 km
- Carburant : Diesel
- Transmission : Manuelle
- Couleur : Bleu (Chrome Blue)
- Options : Couleur métallisée ; Pack Hiver ; Pack Confort ; Pack Parking ; Vitres foncées ; Roue de secours
- Prix : € 19.990,00
Venez faire un essai routier et vous rendre compte par vous-même de la qualité de nos (jeunes) voitures d'occasion. Nous sommes prêts à répondre à toutes vos questions et à vous conseiller. Nous sommes joignables 24 heures sur 24 et 7 jours sur 7 au 0478/11.32.30, y compris les dimanches et jours fériés, ou n'hésitez pas à vous rendre dans notre salle d'exposition au Pareinpark 4, 9120 Beveren-Waas.","https://fr.advusedcars.be/voitures/occasion/beveren/ford/focus/diesel/connected-19-990/50010/","Diesel"
"61147","fr_XX","2024 Ford Transit Connect Trend L1 - 1.0 Ecoboost 100pk - Topdeal!","Waasland Automotive stelt voor:
ONMIDDELLIJK LEVERBAAR UIT STOCK!
Al onze wagens worden keuringsvrij afgeleverd met Car Pass (gewaarborgde kilometerstand) en 12 maanden waarborg.

Kenmerken van deze auto:
De eerste inschrijving is op 31 december 2024. De kilometerstand bedraagt slechts 32 km. Het betreft een benzinewagen met manuele transmissie, uitgevoerd in wit (Frozen White). De auto is uitgerust met diverse opties zoals passagiersairbag, tweede sleutel, spatlap voor en achter, all weather banden, reservewiel, vaste ruit aan de rechterzijde, LED-verlichting in de laadruimte, tussenschot met doorlaadmogelijkheid en ruit, vaste achterruiten, een auto pack, all weather matten en een radio met DAB en navigatiesysteem. De prijs bedraagt € 17.990,00 exclusief BTW.

Kom gerust langs voor een proefrit en ervaar zelf de kwaliteit van onze jonge occasies. Wij staan klaar om al uw vragen te beantwoorden en u te adviseren. U kunt ons 24/7 bereiken op het nummer 0478/11.32.30, ook op zondagen en feestdagen. U bent van harte welkom in onze showroom aan Pareinpark 4, 9120 Beveren-Waas.

Waasland Automotive présente :
IMMÉDIATEMENT DISPONIBLE EN STOCK !
Toutes nos voitures sont livrées sans inspection, avec Car Pass (kilométrage garanti) et 12 mois de garantie.

Caractéristiques de cette voiture :
La première immatriculation date du 31 décembre 2024. Le kilométrage est de seulement 32 km. Il s’agit d’une voiture essence avec transmission manuelle, couleur blanc (Frozen White). Elle est équipée de nombreuses options telles que l’airbag passager, une deuxième clé, des bavettes avant et arrière, des pneus toutes saisons, une roue de secours, une vitre fixe à droite, un éclairage LED dans le coffre, une cloison de séparation avec vitre, des vitres arrière fixes, un pack auto, des tapis toutes saisons et un système radio/DAB avec navigation. Le prix est de 17.990,00 € hors TVA.

N’hésitez pas à venir faire un essai routier et constater par vous-même la qualité de nos jeunes voitures d’occasion. Nous sommes prêts à répondre à toutes vos questions et à vous conseiller. Nous sommes joignables 24 heures sur 24 et 7 jours sur 7 au 0478/11.32.30, y compris les dimanches et jours fériés. Vous êtes les bienvenus dans notre salle d’exposition au Pareinpark 4, 9120 Beveren-Waas.","https://fr.advusedcars.be/voitures/occasion/beveren/ford/transit-connect/diesel/trend-l1-1-0-ecoboost-100pk-topdeal/61147/","Diesel"
"61148","fr_XX","2024 Ford Transit Connect Trend L2 - 1.5 TDCI 100pk - Topdeal!","Waasland Automotive stelt voor:
ONMIDDELLIJK LEVERBAAR UIT STOCK!
Al onze wagens worden keuringsvrij afgeleverd met Car Pass (gewaarborgde kilometerstand) en 12 maanden waarborg.

Kenmerken van deze auto:
De eerste inschrijving dateert van 31 december 2024. De kilometerstand bedraagt slechts 9 km. Het is een dieselwagen met manuele transmissie, uitgevoerd in wit (Frozen White). Deze auto is uitgerust met voorbereidingen voor een trekhaak, een radio-upgrade, reservewiel, functioneel pack en een enkele passagierszetel. De prijs bedraagt € 19.990,00 exclusief BTW.

Kom langs voor een proefrit en ervaar zelf de kwaliteit van onze jonge occasies. Wij staan klaar om al uw vragen te beantwoorden en u te adviseren. U kunt ons 24/7 bereiken op het nummer 0478/11.32.30, ook op zondagen en feestdagen. Bezoek onze showroom aan Pareinpark 4, 9120 Beveren-Waas.

Waasland Automotive présente :
IMMÉDIATEMENT DISPONIBLE EN STOCK !
Toutes nos voitures sont livrées sans inspection, avec Car Pass (kilométrage garanti) et 12 mois de garantie.

Caractéristiques de cette voiture :
La première immatriculation date du 31 décembre 2024. Le kilométrage est de seulement 9 km. Il s’agit d’une voiture diesel avec transmission manuelle, couleur blanc (Frozen White). Elle est équipée d’une préparation pour attelage, d’une mise à niveau radio, d’une roue de secours, d’un pack fonctionnel et d’un siège passager simple. Le prix est de 19.990,00 € hors TVA.

Venez faire un essai routier et constater par vous-même la qualité de nos jeunes voitures d’occasion. Nous sommes prêts à répondre à toutes vos questions et à vous conseiller. Nous sommes joignables 24 heures sur 24 et 7 jours sur 7 au 0478/11.32.30, y compris les dimanches et jours fériés. N’hésitez pas à visiter notre salle d’exposition au Pareinpark 4, 9120 Beveren-Waas.","https://fr.advusedcars.be/voitures/occasion/beveren/ford/transit-connect/diesel/trend-l2-1-5-tdci-100pk-topdeal/61148/","Diesel"
"61259","fr_XX","2024 Ford Transit Connect Trend L2 - 100pk - Topdeal!","Waasland Automotive stelt voor:
ONMIDDELLIJK LEVERBAAR UIT STOCK!
Al onze wagens worden keuringsvrij afgeleverd met Car Pass (gewaarborgde kilometerstand) en 12 maanden waarborg.

Kenmerken van deze auto:
De eerste inschrijving is van 31 december 2024. De kilometerstand bedraagt 25 km. Het betreft een dieselwagen met manuele transmissie, uitgevoerd in wit (Frozen White). De auto is voorzien van voorbereidingen voor een trekhaak, een radio-upgrade, een reservewiel, een functioneel pack en een enkele passagierszetel. De prijs bedraagt € 19.990,00 exclusief BTW.

Kom langs voor een proefrit en ervaar zelf de kwaliteit van onze jonge occasies. Wij staan klaar om al uw vragen te beantwoorden en u te adviseren. U kunt ons 24/7 bereiken op het nummer 0478/11.32.30, ook op zondagen en feestdagen. Bezoek onze showroom aan Pareinpark 4, 9120 Beveren-Waas.

Waasland Automotive présente :
IMMÉDIATEMENT DISPONIBLE EN STOCK !
Toutes nos voitures sont livrées sans inspection, avec Car Pass (kilométrage garanti) et 12 mois de garantie.

Caractéristiques de cette voiture :
La première immatriculation date du 31 décembre 2024. Le kilométrage est de 25 km. Il s’agit d’une voiture diesel avec transmission manuelle, couleur blanc (Frozen White). Elle est équipée d’une préparation pour attelage, d’une mise à niveau radio, d’une roue de secours, d’un pack fonctionnel et d’un siège passager simple. Le prix est de 19.990,00 € hors TVA.

Venez faire un essai routier et constater par vous-même la qualité de nos jeunes voitures d’occasion. Nous sommes prêts à répondre à toutes vos questions et à vous conseiller. Nous sommes joignables 24 heures sur 24 et 7 jours sur 7 au 0478/11.32.30, y compris les dimanches et jours fériés. N’hésitez pas à visiter notre salle d’exposition au Pareinpark 4, 9120 Beveren-Waas.","https://fr.advusedcars.be/voitures/occasion/sint-niklaas/ford/transit-connect/diesel/trend-l2-100pk-topdeal/61259/","Diesel"
"62455","fr_XX","2024 Ford Mustang Mach-E 99 kWh Premium AWD","Waasland Automotive stelt voor:
ONMIDDELLIJK LEVERBAAR UIT STOCK!
Al onze wagens worden keuringsvrij afgeleverd met Car Pass (gewaarborgde kilometerstand) en 12 maanden waarborg.

Kenmerken van deze auto:
De datum van de eerste inschrijving is 30/08/2028 en de kilometerstand bedraagt slechts 80 km. Deze auto rijdt op elektriciteit en beschikt over een automatische transmissie. De kleur is blauw (Grabber Blue) en de wagen heeft een exclusieve metaalkleur. De prijs bedraagt € 48.990,00.

Kom langs voor een proefrit en ervaar zelf de kwaliteit van onze jonge occasies. Wij staan klaar om al uw vragen te beantwoorden en u te adviseren. U kunt ons 24/7 bereiken op het nummer 0478/11.32.30, ook op zondagen en feestdagen. U bent ook altijd welkom in onze showroom te Pareinpark 4, 9120 Beveren-Waas.

Waasland Automotive présente :
IMMÉDIATEMENT DISPONIBLE EN STOCK !
Toutes nos voitures sont livrées sans inspection, avec Car Pass (kilométrage garanti) et 12 mois de garantie.

Caractéristiques de cette voiture :
La date de la première immatriculation est le 30/08/2028 et le kilométrage est de seulement 80 km. Cette voiture est électrique et équipée d’une transmission automatique. Sa couleur est bleu (Grabber Blue) avec une peinture métallisée exclusive. Le prix est de 48.990,00 €.

Venez faire un essai routier et constater par vous-même la qualité de nos voitures d’occasion récentes. Nous sommes prêts à répondre à toutes vos questions et à vous conseiller. Nous sommes joignables 24 heures sur 24 et 7 jours sur 7 au 0478/11.32.30, y compris les dimanches et jours fériés. N’hésitez pas à visiter notre salle d’exposition au Pareinpark 4, 9120 Beveren-Waas.","https://fr.advusedcars.be/voitures/occasion/beveren/ford/mustang-mach-e/electrique/99-kwh-premium-awd/62455/","Électrique"
"78674","fr_XX","2022 Ford Transit L2H2 350M - €19.990 Excl. BTW","Waasland Automotive stelt voor:
ONMIDDELLIJK LEVERBAAR UIT STOCK!
Al onze wagens worden keuringsvrij afgeleverd met Car Pass (gewaarborgde kilometerstand) en 12 maanden waarborg.

Kenmerken van deze auto:
Datum eerste inschrijving: 20/07/2022
Kilometerstand: 73.373 km
Brandstof: Diesel
Transmissie: Automaat
Kleur: wit (Frozen White)
Opties: Pack Goed Zicht ""+"", Zetelpack ""766N"", All weather, geen kunststof laadvloer, perimeter alarm en een achteruitrijcamera.
Prijs: € 19.990,00 exclusief BTW.

Kom langs voor een proefrit en ervaar zelf de kwaliteit van onze jonge occasies. Wij staan klaar om al uw vragen te beantwoorden en u te adviseren. Wij zijn 24/7 bereikbaar op het nummer 0478/11.32.30, ook op zondagen en feestdagen. U bent van harte welkom in onze showroom aan Pareinpark 4, 9120 Beveren-Waas.

Waasland Automotive présente :
IMMÉDIATEMENT DISPONIBLE EN STOCK !
Toutes nos voitures sont livrées sans inspection, avec Car Pass (kilométrage garanti) et 12 mois de garantie.

Caractéristiques de cette voiture :
Date de première immatriculation: 20/07/2022
Kilométrage: 72.680 km
Carburant: Diesel
Transmission: Automatique
Couleur: Blanc (Frozen White)
Equipement: Pack Bonne visibilité « + », Pack sièges « 766N », Tous temps, plancher de chargement sans plastique, alarme périmétrique et caméra de recul.
Prix: € 19.990,00 hors TVA.

Venez faire un essai routier et constater par vous-même la qualité de nos jeunes voitures d’occasion. Nous sommes prêts à répondre à toutes vos questions et à vous conseiller. Nous sommes joignables 24 heures sur 24 et 7 jours sur 7 au 0478/11.32.30, y compris les dimanches et jours fériés. N’hésitez pas à visiter notre salle d’exposition au Pareinpark 4, 9120 Beveren-Waas.","https://fr.advusedcars.be/voitures/occasion/beveren/ford/transit/diesel/l2h2-350m-19-990-excl-btw/78674/","Diesel"
"81198","fr_XX","2023 Ford Transit Custom L1H1 - € 22.950 ex. BTW!!","Waasland Automotive stelt voor:

ONMIDDELLIJK LEVERBAAR UIT STOCK!

Al onze wagens worden keuringsvrij afgeleverd - Car Pass (gewaarborgde kilometerstand) - 12 maanden waarborg.

Kenmerken van deze auto:
Datum 1ste inschrijving: 06/2023
Kilometerstand: 39.607 km
Brandstof: Diesel
Transmissie: Manueel
Kleur: Wit (Frozen White)
Opties: Goed Zicht ""+""; Stroomomvormer; 12V; Upgr; DAB (45X); LED; Schot + ruit; Fleetkey; Geen kunststof laadvloer; Trekhaak
Prijs: € 22.950,00 Excl. BTW

Kom langs voor een proefrit en ervaar zelf de kwaliteit van onze (jonge) occasies. Wij staan klaar om al uw vragen te beantwoorden en u te adviseren. Wij zijn 24/7 bereikbaar op het nr. 0478/11.32.30, ook op zondagen/feestdagen of kom gerust langs naar onze showroom te Pareinpark 4, 9120 Beveren-Waas.

—

Waasland Automotive présente :

IMMÉDIATEMENT DISPONIBLE EN STOCK !

Toutes nos voitures sont livrées sans inspection - Car Pass (kilométrage garanti) - 12 mois de garantie.

Caractéristiques de cette voiture :
Date de la première immatriculation: 06/2023
Kilométrage: 39.607 km
Carburant: Diesel
Transmission: Manuelle
Couleur: Blanc (Frozen White)
Options: Bonne visibilité « + » ; Convertisseur de courant ; 12 V ; Upgr ; DAB (45X) ; LED ; Cloison + vitre ; Fleetkey ; Pas de plancher de chargement en plastique ; Attelage
Prix: € 22.950,00 hors TVA

Venez faire un essai routier et vous rendre compte par vous-même de la qualité de nos (jeunes) voitures d’occasion. Nous sommes prêts à répondre à toutes vos questions et à vous conseiller. Nous sommes joignables 24/7 au 0478/11.32.30, y compris les dimanches et jours fériés, ou rendez-vous dans notre salle d’exposition au Pareinpark 4, 9120 Beveren-Waas.","https://fr.advusedcars.be/voitures/occasion/beveren/ford/transit-custom/diesel/l1h1-22-950-ex-btw/81198/","Diesel"
"81635","fr_XX","2019 Ford Transit Autotransport - €44.990 Excl. Btw!!","Waasland Automotive stelt voor:
ONMIDDELLIJK LEVERBAAR UIT STOCK!
Al onze wagens worden keuringsvrij afgeleverd - Car Pass (gewaarborgde kilometerstand) - 12 maanden waarborg

Kenmerken van deze auto:

Datum 1ste inschrijving: 27/11/2019
Kilometerstand: 82.682 km
Brandstof: Diesel
Transmissie: Manueel
Kleur: Zilver (Moondust Silver)
Opties: Metaalkleur; Goed Zicht ""+""; Intelligent Emerg.Break; Fleet Key; RW; Buitenspiegels lange arm; Upgr. DAB/Navsys; Trekhaak; Ombouw stroomvoorzieningspakket (SVO A550); Digitale tachograaf; High specification interface (SVO A606); Lane departure warning
Prijs: € 44.990,00 Excl. BTW

Kom langs voor een proefrit en ervaar zelf de kwaliteit van onze (jonge) occasies. Wij staan klaar om al uw vragen te beantwoorden en u te adviseren. Wij zijn 24/7 bereikbaar op het nr. 0478/11.32.30, ook op zondagen/feestdagen of kom gerust langs naar onze Showroom te Pareinpark 4, 9120 Beveren-Waas.

Waasland Automotive présente:
DIRECTEMENT DISPONIBLE EN STOCK !
Toutes nos voitures sont livrées avec contrôle technique - Car Pass (kilométrage garanti) - 12 mois de garantie

Caractéristiques de cette voiture:

Date de la première immatriculation: 27/11/2019
Kilométrage : 82.682 km
Carburant : Diesel
Transmission : Manuelle
Couleur : Argent (Moondust Silver)
Options: Couleur métallisée ; Bonne visibilité « + » ; Freinage d'urgence intelligent ; Clé Fleet ; RW ; Rétroviseurs extérieurs à bras long ; Mise à niveau DAB/Navsys ; Attelage ; Kit de conversion d'alimentation électrique (SVO A550) ; Tachygraphe numérique ; Interface haute spécification (SVO A606) ; Avertisseur de sortie de voie
Prix : € 44.990,00 hors TVA

Venez faire un essai routier et vous rendre compte par vous-même de la qualité de nos (jeunes) voitures d'occasion. Nous sommes prêts à répondre à toutes vos questions et à vous conseiller. Nous sommes joignables 24 heures sur 24 et 7 jours sur 7 au 0478/11.32.30, y compris les dimanches et jours fériés, ou n'hésitez pas à vous rendre dans notre salle d'exposition au Pareinpark 4, 9120 Beveren-Waas.
Waasland Automotive presents:
IMMEDIATELY AVAILABLE FROM STOCK!
All our cars are delivered inspection-free - Car Pass (guaranteed mileage) - 12-month warranty.
Features of this car:
Date of first registration: 27/11/2019
Mileage: 82.682 km
Fuel: Diesel
Transmission: Manual
Colour: Silver (Moondust Silver)
Options: Metallic paint; Good Visibility ‘+’; Intelligent Emerg. Break; Fleet Key; RW; Long arm exterior mirrors; Upgr. DAB/Navsys; Tow bar; Power supply conversion kit (SVO A550); Digital tachograph; High specification interface (SVO A606); Lane departure warning
Price: € 44.990.00 Excl. VAT
You're welcome for a test drive and experience the quality of our (recent) used cars for yourself. We are ready to answer all your questions and advise you. We are available 24/7 on 0478/11.32.30, including Sundays and public holidays, or feel free to visit our showroom at Pareinpark 4, 9120 Beveren-Waas.","https://fr.advusedcars.be/voitures/occasion/beveren/ford/transit/diesel/autotransport-44-990-excl-btw/81635/","Diesel"
"86278","fr_XX","2022 Ford Focus Camera - Carplay/Android Auto - Garantie!!","Waasland Automotive stelt voor:
ONMIDDELLIJK LEVERBAAR UIT STOCK!
Al onze wagens wordt keuringsvrij afgeleverd - Car Pass (gewaarborgde kilometerstand) - 12 maanden waarborg
Kenmerken van deze auto:
- Datum 1ste inschrijving: 05/01/2022
- Kilometerstand: 70.134 km
- Brandstof: Benzine
- Transmissie: Manueel
- Kleur: Grijs (Magnetic)
- Opties: Metaalkleur; Automatische lichten; Carplay/Android Auto; Lane keeping Assistant; Cruise Control; Achteruitrijcamera
- Prijs: € 18.990,00
Kom langs voor een proefrit en ervaar zelf de kwaliteit van onze (jonge) occasies. Wij staan klaar om al uw vragen te beantwoorden en u te adviseren. Wij zijn 24/7 bereikbaar op het nr. 0478/11.32.30, ook op zondagen/feestdagen of kom gerust langs naar onze Showroom te Pareinpark 4, 9120 Beveren-Waas.
-
Waasland Automotive présente :

IMMÉDIATEMENT DISPONIBLE EN STOCK !
Toutes nos voitures sont livrées sans inspection - Car Pass (kilométrage garanti) - 12 mois de garantie

Caractéristiques de cette voiture:
- Date de la première immatriculation: 05/01/2022
- Kilométrage : 70.134 km
- Carburant : Essence
- Transmission : Manuelle
- Couleur : Gris (Magnetic)
- Options : Couleur métallisée ; Phares automatiques ; CarPlay/Android Auto ; Aide au maintien de la trajectoire ; Régulateur de vitesse ; Caméra de recul
- Prix : € 18.990,00
Venez faire un essai routier et vous rendre compte par vous-même de la qualité de nos (jeunes) voitures d'occasion. Nous sommes prêts à répondre à toutes vos questions et à vous conseiller. Nous sommes joignables 24 heures sur 24 et 7 jours sur 7 au 0478/11.32.30, y compris les dimanches et jours fériés, ou n'hésitez pas à vous rendre dans notre salle d'exposition au Pareinpark 4, 9120 Beveren-Waas.","https://fr.advusedcars.be/voitures/occasion/beveren/ford/focus/essence/camera-carplay-android-auto-garantie/86278/","Essence"
"86286","fr_XX","2022 Ford Focus Camera - Carplay/Android Auto - Garantie!!","Waasland Automotive stelt voor:
ONMIDDELLIJK LEVERBAAR UIT STOCK!
Al onze wagens wordt keuringsvrij afgeleverd - Car Pass (gewaarborgde kilometerstand) - 12 maanden waarborg
Kenmerken van deze auto:
- Datum 1ste inschrijving: 06/2022
- Kilometerstand: 103.000 km
- Brandstof: Benzine
- Transmissie: Manueel
- Kleur: Zwart (Agate Black)
- Opties: Metaalkleur; Winter Pack; Comfort Pack; Camera Achteraan; 16"" Aluminium velgen; Donkere getinte ruiten achteraan; Navigatiesysteem; Reservewiel
- Prijs: € 15.990,00
Kom langs voor een proefrit en ervaar zelf de kwaliteit van onze (jonge) occasies. Wij staan klaar om al uw vragen te beantwoorden en u te adviseren. Wij zijn 24/7 bereikbaar op het nr. 0478/11.32.30, ook op zondagen/feestdagen of kom gerust langs naar onze Showroom te Pareinpark 4, 9120 Beveren-Waas.
-
Waasland Automotive présente :

IMMÉDIATEMENT DISPONIBLE EN STOCK !
Toutes nos voitures sont livrées sans inspection - Car Pass (kilométrage garanti) - 12 mois de garantie

Caractéristiques de cette voiture:
- Date de la première immatriculation: 06/2022
- Kilométrage : 103.000 km
- Carburant : Essence
- Transmission : Manuelle
- Couleur : Noir (Agate Black)
- Options : Couleur métallisée ; Pack Hiver ; Pack Confort ; Caméra de recul ; Jantes en aluminium 16 pouces ; Vitres arrière teintées ; Système de navigation ; Roue de secours
- Prix : € 15.990,00
Venez faire un essai routier et vous rendre compte par vous-même de la qualité de nos (jeunes) voitures d'occasion. Nous sommes prêts à répondre à toutes vos questions et à vous conseiller. Nous sommes joignables 24 heures sur 24 et 7 jours sur 7 au 0478/11.32.30, y compris les dimanches et jours fériés, ou n'hésitez pas à vous rendre dans notre salle d'exposition au Pareinpark 4, 9120 Beveren-Waas.","https://fr.advusedcars.be/voitures/occasion/beveren/ford/focus/essence/camera-carplay-android-auto-garantie/86286/","Essence"
"91041","fr_XX","2024 Ford Transit Custom Campervan - Meteen beschikbaar voor deze zomer!!","Ford Transit Custom Campervan - Meteen beschikbaar voor deze zomer!! chez Waasland Automotive Sint-Niklaas. Bus, Diesel, Automatique. Année 2024, 23 825 km. Équipements: ABS, Airbag bestuurder, Airbag passagier, Airconditioning manueel, Alarm, Android Auto, Apple Carplay, Automatische lichten. Voiture d'occasion contrôlée, garantie minimum 1 an. Réservez votre essai en ligne.","https://fr.advusedcars.be/voitures/occasion/sint-niklaas/ford/transit-custom/diesel/campervan-meteen-beschikbaar-voor-deze-zomer/91041/","Diesel"
"92325","fr_XX","2023 Ford Kuga ST-Line X - Directiewagen!","Waasland Automotive stelt voor:

ONMIDDELLIJK LEVERBAAR UIT STOCK!

Al onze wagens worden keuringsvrij afgeleverd - Car Pass (gewaarborgde kilometerstand) - 12 maanden waarborg.

Kenmerken van deze auto:
Datum 1ste inschrijving: 31/07/2024
Kilometerstand: 17.717 km
Brandstof: Benzine/Plug-In Hybride
Transmissie: Automaat
Kleur: Blauw (Chrome Blue)
Opties: Speciale metaalkleur; Driver Assistance Pack; Winter Pack; Draadloos laden; Vooruitrusting trekhaak; Reservewiel
Prijs: € 31.990,00

Kom langs voor een proefrit en ervaar zelf de kwaliteit van onze (jonge) occasies. Wij staan klaar om al uw vragen te beantwoorden en u te adviseren. Wij zijn 24/7 bereikbaar op het nr. 0478/11.32.30, ook op zondagen/feestdagen of kom gerust langs naar onze showroom te Pareinpark 4, 9120 Beveren-Waas.

—

Waasland Automotive présente :

IMMÉDIATEMENT DISPONIBLE EN STOCK !

Toutes nos voitures sont livrées sans inspection - Car Pass (kilométrage garanti) - 12 mois de garantie.

Caractéristiques de cette voiture :
Date de la première immatriculation: 31/07/2024
Kilométrage: 17.717 km
Carburant: Essence/Plug-In Hybride
Transmission: Automatique
Couleur: Bleu (Chrome Blue)
Options: Couleur métallisée spéciale ; Pack Driver Assistance ; Pack Hiver ; Chargement sans fil ; Crochet d'attelage pré-équipé ; Roue de secours
Prix: € 31.990,00

Venez faire un essai routier et vous rendre compte par vous-même de la qualité de nos (jeunes) voitures d’occasion. Nous sommes prêts à répondre à toutes vos questions et à vous conseiller. Nous sommes joignables 24/7 au 0478/11.32.30, y compris les dimanches et jours fériés, ou rendez-vous dans notre salle d’exposition au Pareinpark 4, 9120 Beveren-Waas.","https://fr.advusedcars.be/voitures/occasion/beveren/ford/kuga/hybride-essence/st-line-x-directiewagen/92325/","Hybride (essence)"
"92446","fr_XX","2024 Ford Kuga 2.5i PHEV Aut. 178kW Titanium","Waasland Automotive / NEYT stelt voor:
ONMIDDELLIJK LEVERBAAR UIT STOCK! Eéndagsinschrijving
Al onze wagens worden keuringsvrij afgeleverd met Car Pass (gewaarborgde kilometerstand) en 12 maanden waarborg.
- Datum eerste inschrijving: 27/09/2024
- Kilometerstand: 25 km
- Brandstof: PHEV Benzine - Elektrisch
- Transmissie: Automaat
- Kleur: Wit (Frozen white)
- Opties: Afneembare Trekhaak, Donker getinte ramen, Plaatsbesparend reservewiel
- Prijs: € 29.990,00
Kom langs voor een proefrit en ervaar zelf de kwaliteit van onze jonge occasies. Wij staan klaar om al uw vragen te beantwoorden en u te adviseren. Wij zijn bereikbaar op het nummer 0496984573, of kom gerust langs in onze showroom te Gentse Steenweg 39, Lokeren 9160
-
Waasland Automotive / NEYT présente :
IMMÉDIATEMENT DISPONIBLE EN STOCK !
Toutes nos voitures sont livrées avec contrôle technique, avec Car Pass (kilométrage garanti) et 12 mois de garantie.
- Première immatriculation 27/09/2024
- Kilométrage: 25 km
- Carburant: PHEV essence + Electric
- Transmission: Automatique
- Couleur: Blanc (Frozen white)
- Options: Attelage amovible, vitres teintées, Pack D'hiver, roue de secours
- Prix: € 29.990,00
Venez faire un essai routier et constatez par vous-même la qualité de nos jeunes voitures d'occasion. Nous sommes prêts à répondre à toutes vos questions et à vous conseiller. Nous sommes joignables au 0496984573, ou n’hésitez pas à vous rendre dans notre salle d’exposition au Gentse Steenweg 39, 9160 Lokeren.","https://fr.advusedcars.be/voitures/occasion/sint-niklaas/ford/kuga/hybride-rechargeable/2-5i-phev-aut-178kw-titanium/92446/","Hybride rechargeable"
"92863","fr_XX","2026 Zeekr 7X Long Range Business Edition - Directiewagen","Zeekr 7X Long Range Business Edition - Directiewagen chez Waasland Automotive Beveren. SUV, Électrique, Automatique. Année 2026, 6 500 km. Équipements: 3 zones automatische airconditioning, 360° camera, ABS, Achteruitrijcamera, Adaptieve dimlichten, Adaptive Cruise Control, Airbag bestuurder, Airbag passagier. Voiture d'occasion contrôlée, garantie minimum 1 an. Réservez votre essai en ligne.","https://fr.advusedcars.be/voitures/occasion/beveren/zeekr/7x/electrique/long-range-business-edition-directiewagen/92863/","Électrique"
"96143","fr_XX","2024 Ford Ranger 3.0 EcoBlue A10 e-4WD Platinum - Full option!","Waasland Automotive stelt voor:

ONMIDDELLIJK LEVERBAAR UIT STOCK!

Al onze wagens worden keuringsvrij afgeleverd - Car Pass (gewaarborgde kilometerstand) - 12 maanden waarborg.

Kenmerken van deze auto:
Datum 1ste inschrijving: 02/2024
Kilometerstand: 39.051 km
Brandstof: Diesel
Transmissie: Automaat
Kleur: Zwart (Agate Black)
Opties: Metaalkleur; Techno pack 73; Elektrische rollershutter; CV Pack 3
Prijs: € 44.500,00 Excl. BTW

Kom langs voor een proefrit en ervaar zelf de kwaliteit van onze (jonge) occasies. Wij staan klaar om al uw vragen te beantwoorden en u te adviseren. Wij zijn 24/7 bereikbaar op het nr. 0478/11.32.30, ook op zondagen/feestdagen of kom gerust langs naar onze showroom te Pareinpark 4, 9120 Beveren-Waas.

—

Waasland Automotive présente :

IMMÉDIATEMENT DISPONIBLE EN STOCK !

Toutes nos voitures sont livrées sans inspection - Car Pass (kilométrage garanti) - 12 mois de garantie.

Caractéristiques de cette voiture :
Date de la première immatriculation: 02/2024
Kilométrage: 39.051 km
Carburant: Diesel
Transmission: Automatique
Couleur: Noir (Agate Black)
Options: Couleur métallisée ; Pack Techno 73 ; Volets roulants électriques ; Pack CV 3
Prix: € 44.500,00 hors TVA

Venez faire un essai routier et vous rendre compte par vous-même de la qualité de nos (jeunes) voitures d’occasion. Nous sommes prêts à répondre à toutes vos questions et à vous conseiller. Nous sommes joignables 24/7 au 0478/11.32.30, y compris les dimanches et jours fériés, ou rendez-vous dans notre salle d’exposition au Pareinpark 4, 9120 Beveren-Waas.","https://fr.advusedcars.be/voitures/occasion/beveren/ford/ranger/diesel/3-0-ecoblue-a10-e-4wd-platinum-full-option/96143/","Diesel"
